,GTEX.111YS,GTEX.1122O,GTEX.1128S,GTEX.117YW,GTEX.11DXX,GTEX.11DXZ,GTEX.11EI6,GTEX.11EMC,GTEX.11EQ9,GTEX.11GSP,GTEX.11I78,GTEX.11LCK,GTEX.11NUK,GTEX.11NV4,GTEX.11O72,GTEX.11OF3,GTEX.11P7K,GTEX.11P81,GTEX.11PRG,GTEX.11TT1,GTEX.11TUW,GTEX.11UD2,GTEX.11WQC,GTEX.11WQK,GTEX.11ZTS,GTEX.11ZTT,GTEX.11ZUS,GTEX.11ZVC,GTEX.1211K,GTEX.1212Z,GTEX.12584,GTEX.12696,GTEX.1269C,GTEX.12KS4,GTEX.12WSD,GTEX.12WSE,GTEX.12WSG,GTEX.12WSH,GTEX.12WSI,GTEX.12WSJ,GTEX.12WSK,GTEX.12WSL,GTEX.12WSN,GTEX.12ZZW,GTEX.13111,GTEX.13113,GTEX.1313W,GTEX.131XE,GTEX.131XF,GTEX.131XH,GTEX.131XW,GTEX.131YS,GTEX.132NY,GTEX.132QS,GTEX.1339X,GTEX.1399S,GTEX.1399U,GTEX.139T6,GTEX.139TT,GTEX.139UW,GTEX.13CF3,GTEX.13FTX,GTEX.13FTY,GTEX.13FTZ,GTEX.13G51,GTEX.13JUV,GTEX.13O61,GTEX.13OVG,GTEX.13OVH,GTEX.13OVJ,GTEX.13OVL,GTEX.13OW6,GTEX.13OW8,GTEX.13PL7,GTEX.13S7M,GTEX.13S86,GTEX.13U4I,GTEX.13VXT,GTEX.13VXU,GTEX.13W3W,GTEX.1477Z,GTEX.147F3,GTEX.147F4,GTEX.147GR,GTEX.147JS,GTEX.148VI,GTEX.148VJ,GTEX.1497J,GTEX.14A6H,GTEX.14ABY,GTEX.14AS3,GTEX.14BIL,GTEX.14BMU,GTEX.14BMV,GTEX.14C39,GTEX.14C5O,GTEX.14DAQ,GTEX.14DAR,GTEX.14E1K,GTEX.14E6C,GTEX.14E6D,GTEX.14E6E,GTEX.14E7W,GTEX.14JG1,GTEX.14JG6,GTEX.14JIY,GTEX.14LLW,GTEX.14LZ3,GTEX.14PHY,GTEX.14PJ4,GTEX.14PJ5,GTEX.14PJM,GTEX.14PJO,GTEX.14PK6,GTEX.14PQA,GTEX.14XAO,GTEX.15CHC,GTEX.15CHR,GTEX.15D1Q,GTEX.15EU6,GTEX.15G1A,GTEX.15RIE,GTEX.15RJ7,GTEX.15RJE,GTEX.15SB6,GTEX.16AAH,GTEX.16MT8,GTEX.16MTA,GTEX.16NGA,GTEX.16XZZ,GTEX.178AV,GTEX.17EVP,GTEX.17EVQ,GTEX.17GQL,GTEX.17HGU,GTEX.17HHE,GTEX.17HII,GTEX.17JCI,GTEX.17KNJ,GTEX.183FY,GTEX.18465,GTEX.18A66,GTEX.18A67,GTEX.18A6Q,GTEX.18A7A,GTEX.18D9A,GTEX.18D9U,GTEX.18QFQ,GTEX.1A32A,GTEX.1A3MV,GTEX.1A8FM,GTEX.1A8G6,GTEX.1AX8Z,GTEX.1AX9I,GTEX.1AX9J,GTEX.1AX9K,GTEX.1AYCT,GTEX.1AYD5,GTEX.1B8KZ,GTEX.1B8L1,GTEX.1B8SF,GTEX.1B932,GTEX.1B933,GTEX.1B97I,GTEX.1B996,GTEX.1BAJH,GTEX.1C4CL,GTEX.1C64O,GTEX.1C6VR,GTEX.1CB4I,GTEX.1CB4J,GTEX.1E1VI,GTEX.1E2YA,GTEX.1EKGG,GTEX.1EMGI,GTEX.1EWIQ,GTEX.1EX96,GTEX.1F48J,GTEX.1F5PK,GTEX.1F6I4,GTEX.1F75W,GTEX.1F7RK,GTEX.1F88F,GTEX.1GF9V,GTEX.1GF9X,GTEX.1GMR2,GTEX.1GMR3,GTEX.1GMR8,GTEX.1GMRU,GTEX.1GN1U,GTEX.1GN1W,GTEX.1GN2E,GTEX.1GN73,GTEX.1GPI7,GTEX.1GTWX,GTEX.1GZ2Q,GTEX.1GZ4H,GTEX.1GZHY,GTEX.1I4MK,GTEX.1I6K7,GTEX.1ICLY,GTEX.1JKYN,GTEX.1JMLX,GTEX.1JMOU,GTEX.1JMPZ,GTEX.1JMQI,GTEX.1JMQJ,GTEX.1JMQL,GTEX.1JN6P,GTEX.1JN76,GTEX.1K2DU,GTEX.1K9T9,GTEX.1KAFJ,GTEX.1KANB,GTEX.1KD4Q,GTEX.1KD5A,GTEX.1KWVE,GTEX.1KXAM,GTEX.1L5NE,GTEX.1LB8K,GTEX.1LC47,GTEX.1LG7Y,GTEX.1LGRB,GTEX.1LSVX,GTEX.1LVAN,GTEX.1LVAO,GTEX.1M4P7,GTEX.1MA7X,GTEX.1MCC2,GTEX.1MGNQ,GTEX.1MJIX,GTEX.1MJK2,GTEX.1N2DW,GTEX.1NSGN,GTEX.1OJC3,GTEX.1OJC4,GTEX.1P4AB,GTEX.1PIIG,GTEX.1PPH7,GTEX.1PWST,GTEX.1QAET,GTEX.1QCLY,GTEX.1QEPI,GTEX.1QMI2,GTEX.1QP29,GTEX.1R9PM,GTEX.1RAZQ,GTEX.1RAZR,GTEX.1RLM8,GTEX.1RQED,GTEX.1S5VW,GTEX.1S82P,GTEX.N7MS,GTEX.N7MT,GTEX.NFK9,GTEX.NPJ8,GTEX.O5YT,GTEX.O5YW,GTEX.OHPL,GTEX.OHPM,GTEX.OIZF,GTEX.OIZH,GTEX.OIZI,GTEX.OOBJ,GTEX.OOBK,GTEX.OXRL,GTEX.OXRO,GTEX.OXRP,GTEX.P44H,GTEX.P4PP,GTEX.P4PQ,GTEX.P4QS,GTEX.P78B,GTEX.PLZ4,GTEX.PLZ5,GTEX.PLZ6,GTEX.POMQ,GTEX.POYW,GTEX.PSDG,GTEX.PVOW,GTEX.PW2O,GTEX.PX3G,GTEX.Q2AG,GTEX.Q2AH,GTEX.Q734,GTEX.QCQG,GTEX.QDT8,GTEX.QDVJ,GTEX.QDVN,GTEX.QEG4,GTEX.QEG5,GTEX.QESD,GTEX.QMR6,GTEX.QMRM,GTEX.QVUS,GTEX.QXCU,GTEX.R3RS,GTEX.R55C,GTEX.R55D,GTEX.R55G,GTEX.REY6,GTEX.RM2N,GTEX.RN64,GTEX.RNOR,GTEX.RTLS,GTEX.RU1J,GTEX.RU72,GTEX.RUSQ,GTEX.RVPV,GTEX.RWS6,GTEX.RWSA,GTEX.S32W,GTEX.S33H,GTEX.S341,GTEX.S7SE,GTEX.SE5C,GTEX.SIU8,GTEX.SJXC,GTEX.SN8G,GTEX.SNOS,GTEX.SUCS,GTEX.T5JC,GTEX.T6MN,GTEX.T6MO,GTEX.T8EM,GTEX.TML8,GTEX.TMMY,GTEX.TSE9,GTEX.U3ZH,GTEX.U3ZN,GTEX.U8T8,GTEX.U8XE,GTEX.UJHI,GTEX.UJMC,GTEX.UPJH,GTEX.UPK5,GTEX.V1D1,GTEX.VJWN,GTEX.VJYA,GTEX.VUSG,GTEX.W5X1,GTEX.WFG7,GTEX.WFG8,GTEX.WFJO,GTEX.WFON,GTEX.WH7G,GTEX.WHPG,GTEX.WHSB,GTEX.WK11,GTEX.WOFM,GTEX.WRHU,GTEX.WWYW,GTEX.WY7C,GTEX.WYBS,GTEX.WYJK,GTEX.WYVS,GTEX.WZTO,GTEX.X15G,GTEX.X261,GTEX.X3Y1,GTEX.X4EO,GTEX.X4EP,GTEX.X4LF,GTEX.X4XX,GTEX.X4XY,GTEX.X585,GTEX.X5EB,GTEX.XBEC,GTEX.XBED,GTEX.XBEW,GTEX.XGQ4,GTEX.XMD2,GTEX.XOT4,GTEX.XPVG,GTEX.XQ3S,GTEX.XQ8I,GTEX.XXEK,GTEX.XYKS,GTEX.Y111,GTEX.Y3I4,GTEX.Y3IK,GTEX.Y5LM,GTEX.Y5V5,GTEX.Y5V6,GTEX.Y8E4,GTEX.Y8LW,GTEX.Y9LG,GTEX.YB5E,GTEX.YEC3,GTEX.YEC4,GTEX.YECK,GTEX.YF7O,GTEX.YFC4,GTEX.ZAB4,GTEX.ZC5H,GTEX.ZDTS,GTEX.ZDTT,GTEX.ZDXO,GTEX.ZDYS,GTEX.ZE7O,GTEX.ZEX8,GTEX.ZF28,GTEX.ZF29,GTEX.ZF2S,GTEX.ZF3C,GTEX.ZG7Y,GTEX.ZLV1,GTEX.ZPCL,GTEX.ZPIC,GTEX.ZPU1,GTEX.ZQG8,GTEX.ZT9W,GTEX.ZTPG,GTEX.ZTTD,GTEX.ZUA1,GTEX.ZVT3,GTEX.ZVZQ,GTEX.ZXG5
ENSG00000186092,0,0.05678,0,0,0.08923,0.0395,0,0,0.04013,0,0,0,0,0,0,0.04962,0,0,0,0,0,0,0,0.04127,0.0453,0,0,0,0.04213,0,0,0.05855,0,0,0,0.03849,0.07076,0.05328,0.08441,0,0,0,0,0,0,0,0.09916,0,0,0,0.04812,0,0,0.04948,0,0.04873,0.05376,0,0.02759,0,0,0.06926,0,0.0341,0,0,0,0,0,0,0,0,0.0363,0.03617,0,0,0,0,0.03269,0,0.04254,0,0,0.04348,0,0,0,0.05713,0,0.2753,0,0,0,0,0,0,0,0.03439,0,0.05633,0,0,0.08782,0.04493,0,0.1222,0,0,0.05467,0.03388,0,0,0,0,0.07876,0,0.03856,0,0,0.1076,0,0.03473,0,0.03449,0,0.09151,0,0,0,0,0,0.04906,0,0.1346,0.03717,0,0.071,0,0,0,0.08067,0,0,0.04579,0,0,0.04755,0,0,0,0,0.0299,0,0.05866,0.05714,0.08124,0.04258,0,0,0,0,0,0,0.07892,0,0,0,0.03483,0.03726,0,0,0,0,0.05227,0,0.01772,0,0,0,0.02535,0.2557,0,0,0,0,0,0,0.05615,0.0347,0,0,0,0,0,0,0,0,0,0,0,0,0,0,0,0,0,0,0,0,0,0,0,0,0.03466,0,0,0,0,0,0,0.02807,0.02568,0,0,0,0,0.02338,0.02135,0,0.02604,0.03177,0.02316,0,0,0.08569,0,0.03092,0.0365,0,0.03776,0.142,0.02001,0,0.03058,0,0,0,0,0.04884,0.03054,0,0,0.05738,0,0,0,0.1019,0.04153,0.03627,0,0,0.1035,0,0.04587,0,0,0,0.0686,1.967,0,0.09164,0,0.1741,0,0.05665,0.02556,0.03932,1.061,0,0,0,0,0.1287,0,0,0,0.03612,0.09994,0,0,0,0.04283,0.09686,0.06347,0,0.07563,0.08831,0,0,0.137,0,0.1093,0,0,0,0,0.07748,0.08436,0,0,0.214,0,0.07246,0.1359,0.04918,0,0,0.1025,0.1032,0,0.04986,0.05842,0,0,0,0.03982,0,0.05505,0.0779,0.1562,0,0.08474,0,0.05309,0.0469,0,0.02346,0.07166,0.06893,0,0.05222,0.09685,0.04281,0,0,0,0,0,0.03146,0,0,0,0.02491,0.03054,0,0.0583,0,0.03004,0,0.03925,0.05123,0,0,0,0.2158,0,0.08649,0.04914,0.04588,0.0446,0,0,0,0,0.04906,0,0,0,0.1529,0.05454,0,0,0.04157,0.07787,0,0,0.05482,0,0.02535,0,0.0245,0,0,0.09305,0,0,0.06273,0.03713,0.03715,0.1306,0,0,0.06184,0.05074,0.05161,0.04168,0,0,0,0,0,0.07738,0.02864,0,0.2332,0,0.03527,0.04528
ENSG00000268903,181.1,262.1,311.8,59,179.3,105.2,105.9,48.02,100.6,61.7,306.2,548.5,40.2,95.2,261.1,43.65,135,153.8,28.42,177.2,359.2,61.26,106.6,25.24,54.09,201.3,271.8,103.7,171.6,28.21,26.88,370.4,66.89,99.93,39.99,25.98,94.76,266.7,21.3,335.4,91.39,223.7,270.1,61.09,311.7,54.86,44.19,68.79,307,36.52,103.5,106,355.8,215,229.5,242.9,173.9,164,162.9,92.5,57.9,48.55,21.96,30.89,27.21,850.6,137.9,200.3,168.7,81.86,32.06,34.55,27.85,114.4,181.6,206.8,73.78,269.5,35.3,347.9,46.08,157.2,49.82,74.22,49.65,234.9,149.4,356.1,336.1,142.4,163.9,39.63,169,58.57,78.12,13.16,96.58,170.9,262,227.4,166.3,192.3,57.39,43.54,90.71,16.25,97.08,189.7,63.08,334.6,322,92.49,82.23,143.7,226.4,165.9,158.4,127.9,431.5,142,306.3,71.2,297.2,255.7,223.1,133.8,50.18,137,104.2,17.7,63.64,143.6,8.142,215.2,112,40.93,88.66,61.54,153.5,298.1,63.21,114.8,255.9,58.4,43.75,55.98,248.2,251.4,154.1,140.3,31.79,95.11,437.6,510.2,436.9,248.9,120.9,303.2,10.14,97.03,40.57,318.1,69.72,93.17,119.5,34.81,69.43,394.3,30.86,238.8,57.66,44.11,155.9,27.77,36.25,15.25,213.5,419.1,267.9,20.25,88.93,57.55,92.26,69.26,182.4,56.53,92.73,96.88,17.47,117.1,348.8,56.79,150.6,294.1,76.16,88.19,123.5,52.53,82.83,300.7,257.2,84.79,14.45,189.6,4.395,25.08,28.62,15.32,414.7,277.1,134.3,160.2,82.25,92.12,15.85,116.6,32.43,97.07,217.9,50.08,54.14,53.6,137.9,43.59,56.62,202.3,73.16,10.51,141.9,158.3,370.3,61.42,42.51,159.5,200.5,100,127.9,254.2,74.93,25.67,135.4,100.1,58.21,25.24,406.6,158.8,150.9,85.64,2.702,31.11,185.1,223.2,56.37,60.22,43.47,47.79,199.8,325.7,351.8,112.2,125.5,129.3,334.2,102.3,368.2,345.6,80.65,98.14,438.2,214.2,267.7,82.64,54.49,168.8,106.6,158.5,133,87.29,203.3,53.54,47.12,190.8,298.1,434.5,54.07,386.2,146.9,81.78,231.7,57.76,176.9,127.4,51.94,194.4,273.2,264.5,21.48,138,211.3,125,242.4,129.3,127.8,193.2,76.29,298.5,43.62,201.7,77.36,358.9,233.1,32.07,152.4,257.8,84.8,300.2,56.96,98.26,172.6,398.8,345.2,95.6,38.18,133,252.8,139.1,161.9,365.7,162.3,150.1,80.44,55.79,93.77,377.7,164.5,81.34,222,122.2,204.7,151.7,105.8,246.9,171.4,169.3,353.7,213.4,390.7,216.6,116.7,212,111.6,138.5,101.7,113.9,53.39,197.5,29.85,205.5,53.89,137.4,338.2,46.6,507.6,199.6,139.7,481.3,154.6,84.13,144.1,239.9,431.2,146.7,41.51,108.1,218.3,27.33,264.8,84.45,144.1,404.8,287.4,226.4,64.04,273,258.4,397.6,523.9,59.33,505.1,302.5,59.78,201.2,311.1,103.6,48.64,163.1,238.4,127.2,111.8,161.1,190.8,155.4,245.5,83.34,293.3,590.1,167.6,234.1,383.5,485.7,129,203.2,85.71,43.76,48.44,31.63,50.82,207.4
ENSG00000269981,354.6,373.3,560.1,136.8,221.4,126.8,143.3,94.13,157,89.42,553.4,849.9,109.8,141.2,370.4,61.59,180.7,275.9,31.65,342.5,648.3,101,131,30.29,102.3,412.7,314.5,260.3,340.7,61.43,48.31,633.2,109.6,134.2,91.54,45.79,177.6,538.6,29.74,317.7,110.8,364.2,442.8,100.5,421.2,95.59,75.97,90.89,315.1,58.15,144.6,184.5,478.7,399.7,258.1,252.8,270.2,209.4,215.1,158.1,94.67,78.13,51.31,50.15,65.97,1403,178.8,394.1,311,148.3,57.43,86.11,68.16,175.7,285.3,230.2,196.7,412.3,41.21,533.6,98.59,271.8,59.64,117.2,136.1,284.7,336.3,574.9,484.3,195.8,272.5,74.05,254.5,124.1,159,16.93,162.6,273.5,283.9,357.4,211.4,310.2,103.9,94.7,218.1,33.85,122.7,236.8,142.1,445.9,283.5,141.7,158,158.4,208.7,211,207.9,199.7,789.4,137,336.6,81.39,367.5,317.8,321.6,68.48,79.35,170,145.5,34.64,90.18,255.9,21.8,295.4,165.7,62.1,156.4,137,154,269.5,138.6,169.4,261.2,84.07,55.37,130.5,322.6,539.2,287.9,202,59.94,140.8,598.3,692.3,462.1,438.1,244.6,453.7,19.13,159.3,60.61,424.7,118.2,124.1,233.7,70,130.7,313.1,53.96,325.9,157.9,85.79,314.9,58.88,57.17,28.63,368.7,764.4,330.7,29.41,79.54,123.2,126.2,122.9,188.1,98.52,168.2,192,32.41,249.5,471.8,96.97,321.2,546.8,116.1,135.2,125.7,47.36,156,385.5,376.3,108.3,26.54,403.9,9.229,45.96,52.17,27.97,686.2,359.7,185.7,295,171.7,155.1,29,148,51.21,142.8,219.5,82.94,96.82,100.2,153.6,48.86,64.13,415.7,123.2,19.88,179.6,230.5,500.7,104.5,59.41,229.3,241.1,109.4,103.4,290.2,111.1,39.79,191.7,124.8,95.92,42.4,288.5,143.4,124,113.1,8.13,50.73,305,269.8,194.4,95.72,68.12,91.55,278.3,668.4,538.3,168.3,300.5,215.7,462.9,182.8,629.6,549.4,182.4,215.8,970.1,598.4,830.7,113.7,150.7,195.8,111.2,237,176.5,175.7,312,79.93,109.1,449.4,401.1,383.6,121,450.1,279,188,344,156.9,380.3,337.7,69.66,229.8,407.5,756.8,37.68,165.4,234.9,257.2,500.5,237.4,330.4,319.3,215.9,434,77.39,235,169.5,695.9,432.1,58.21,166.3,273.6,112.1,336.6,97.13,145.8,212.3,571.9,604.3,153.5,63.06,208.4,325.9,201.8,215.3,556.8,272.1,337.4,173.3,111.1,194.9,703.5,233,87.97,355.1,172.8,327.3,183.6,93.18,223.1,237.2,299.7,672,473.8,506.9,347.2,173.5,362.7,206.5,198.5,128.3,104.4,106.9,239.9,46.21,324.6,106.7,224.4,553,102.6,721.2,237.8,257.2,559.5,303.1,123.1,201.6,68.27,571.5,296.5,62.99,162.3,254,60.75,412.2,105.3,183.2,526.1,435.8,316.8,75.51,292.1,242.7,692,459.5,59.29,406.5,296.7,42.92,199.9,611.1,158.6,73.47,171.7,309.1,152.8,150.6,139.9,182.9,172.6,383.6,103.3,304.1,552.7,203,276.4,743.8,561.6,122.7,279,150.8,73.42,57.16,43.34,48.22,249.7
ENSG00000239906,12.2,23.88,23.37,4.535,11.92,8.644,6.956,2.808,6.843,2.607,9.906,35.49,2.803,4.85,12.62,2.609,5.277,7.501,1.623,13.05,26,5.322,4.631,2.698,5.15,8.28,19.78,7.679,12.69,1.908,2.283,38.77,3.421,5.58,3.508,0.7658,5.832,16.05,1.439,20.9,2.703,7.903,15.61,1.85,17.4,5.246,4.509,2.919,8.348,3.7,6.701,4.215,25.88,24.75,8.499,11.91,7.029,9.642,7.841,7.216,2.76,5.61,1.479,2.132,0,61.67,8.234,12.32,12.13,6.74,0,2.128,4.333,6.167,11.07,9.507,5.049,13.67,0.8362,18.28,2.781,7.547,2.398,3.584,4.697,9.914,10.66,16.56,31.21,15.26,14.16,1.026,11.5,3.26,4.537,0.4103,5.61,6.744,9.03,28.18,9.692,7.745,3.619,7.663,5.58,0.1158,2.769,13.8,7.768,7.704,16.11,6.35,6.094,2.466,5.708,3.399,4.932,5.456,37.66,2.549,6.957,1.382,11.19,9.018,7.875,1.04,1.205,3.793,3.718,0,3.423,5.298,0.2778,4.463,3.909,0.9567,4.137,6.762,5.291,11.48,4.7,6.47,14.69,2.993,2.258,5.559,18.78,27.58,10.32,8.197,0,4.674,22.3,32.01,26.47,16.62,9.076,27.21,0,9.166,2.724,17.72,0.1091,2.131,5.398,0.8834,2.433,12.87,1.377,18.99,4.011,3.733,10.23,1.56,1.904,0,16.01,15.45,9.002,1.153,2.019,3.059,5.325,4.443,8.168,1.781,7.335,12.61,1.676,9.552,16.26,4.749,10.54,15.64,4.847,5.722,6.44,2.493,5.889,15.06,14.96,2.107,1.051,9.554,0.07444,1.114,1.898,0.1613,26.6,15.95,6.37,12.59,4.138,9.161,0.9684,4.458,2.524,6.541,5.585,3.714,2.633,3.065,4.883,1.905,4.781,16.37,3.255,0.9102,5.981,9.399,22.57,5.134,2.052,4.771,10.72,4.25,3.164,8.091,3.855,0.966,4.441,3.071,3.173,3.042,13.4,5.753,3.313,5.168,0,1.389,7.917,9.156,8.48,3.918,0,2.3,19.01,17.94,22.37,2.105,4.737,3.529,45.31,2.999,13.7,19.33,3.392,3.802,76.02,5.508,10.03,0.2098,4.256,5.84,4.428,37.7,11.4,14.74,24.33,2.924,1.023,16.67,13.9,45.97,2.034,21.47,14.37,4.118,12.86,4.199,6.559,22.4,3.854,11.09,49.66,15.26,4.267,25.09,20.37,6.617,19.68,11.18,17.22,7.835,10.07,12.78,3.303,5.994,4.815,38.24,29.4,2.917,9.885,8.497,7.828,14.82,7.981,10.92,22.2,38.54,17.71,2.241,2.026,11.72,34.72,15.28,27.82,18.15,16.61,12.43,4.791,2.77,7.949,46.62,13.86,8.069,7.066,12.93,14.01,16.66,7.718,11.7,12.17,21.87,10.12,9.316,13.32,9.839,9.745,10.4,6.71,9.661,5.523,6.336,4.53,7.953,0,5.72,4.154,8.367,33.93,2.769,23.95,5.045,9.658,20.34,7.252,4.05,7.694,0,21.37,5.845,3.161,6.585,7.25,1.681,13.73,4.817,14.63,20.23,21.02,21.73,3.072,18.92,15.43,35.81,23.22,1.948,6.305,8.189,1.044,3.163,35.81,3.702,3.955,9.308,13.1,8.547,7.813,5.073,8.169,9.884,21.53,5.624,17.6,14.22,9.814,12.83,28.45,21.21,5.184,11.11,4.64,2.236,2.209,0,2.707,12.22
ENSG00000248527,518.4,420.5,663.4,1720,483.7,482.2,337.5,451.9,165.8,544.5,418.9,211.2,1017,594.7,657.5,800.2,455.6,240.8,562.2,431.3,1029,414.8,775.3,171.7,1205,274.1,443.4,754.7,433.5,520,205.8,925.7,423.6,656.9,869.3,740.2,617.4,888.4,385.4,230.1,260,496,259.3,89.22,781.4,245.2,816.1,545,846.8,472.3,540.9,1828,874.4,242.9,123.5,416,428.9,26.6,985.9,467.8,150.3,645.2,1104,888,1071,453.7,305.6,270.4,542.6,208.6,805.3,582.4,456.6,410.1,275.6,543.1,677.5,383.4,1007,383.8,164,589.3,393.8,1101,1185,157,585.9,1720,450.5,1403,548.4,288.8,164.6,804.8,525,247.4,1455,255.6,404.4,699.8,557.8,361,992.9,741.3,202.9,348.9,879.8,838.3,152.1,782.9,244.5,781.7,280.7,364.4,548.9,470.7,26.3,532.3,1215,245.1,389.3,671.8,522.5,617.9,321.5,252.4,173.8,334.1,544.8,10.47,208.4,856.9,79.83,1073,827.9,1112,369.9,1399,611.6,276.8,807,380.2,391.7,613.9,850.3,1242,740,427.7,489.1,735.2,480.1,546.9,928.1,405.8,274.6,302.4,149.9,694.9,214.3,1091,1031,442,546.1,176.3,668.7,995.9,346.2,936.3,510.6,380.3,238.8,401.2,462.7,584.3,922.8,713.7,462.4,1009,404.2,1138,609.9,711.1,370.4,853.6,272.8,97.75,736.8,174.2,414,275.8,506.9,464.1,859.8,511.4,421.4,483.4,790.6,534.4,263.5,381.3,523.3,251.5,211.4,923.5,67.13,225.5,305,230.5,777.6,428.5,158.8,895.9,345.6,777.9,186.2,9.508,621.7,177.8,245,899.3,200.2,365.8,241.9,439.6,421.3,551.3,482.1,248.2,201.7,336,627.1,475.6,421.7,353.7,374.2,569.1,341.8,794.3,163.1,119.3,241,229.6,547,403.9,233.7,547.1,484.6,357.4,40.73,509.4,422.2,339.9,718.1,273.1,339.9,202.2,431,982.3,378.9,275.9,570.6,301.4,809.5,719,407.3,269.3,430.5,619.6,810.3,376.4,208.9,656.8,545.1,563.1,334.9,355,234.7,658.4,641.3,973.4,600.8,431.8,891.1,394.1,585.7,558.1,307.8,699.1,295.7,1228,906.8,587.1,118.2,427.8,268.1,553.1,355.5,242.2,825.2,247,348.2,335.7,1230,1254,379.1,545.5,843.9,779.8,795.6,580.5,742.9,34.84,998.9,229.3,636.5,382.8,791.2,786.6,297.4,391.1,362.2,1667,557.6,225.8,655.1,1066,690,636,605.4,387.2,436.1,554.5,1793,297.4,642.9,436.5,499.4,872.2,805.2,1361,1795,438.5,377.4,870.7,507.3,293,342.7,407.2,1252,356.2,442.3,618.9,736.7,501.5,1378,742,631.8,622.1,229.8,381.3,949.8,146.3,446.8,559.4,390.8,611.9,304.3,407.9,252.9,273.7,488.4,901.4,542.8,118.2,1844,143.2,148.9,276.5,659.7,582.6,593.6,329.3,283.1,227.5,823.9,208.4,347.8,308.3,433.6,310.6,810.5,436.3,648.6,555.2,147,875.2,364.9,689.3,2712,1182,808.6,323.7,261.1,380.5,678.8,643.4,487.6,341.3,472.7,784.6,377,468.2,367.1,433.9,736.9,610.7,887.8,797.4
ENSG00000228794,0.4966,0.7194,1.167,1.893,0.4616,1.576,2.329,0.4486,0.6949,0.7467,0.9037,0.4297,3.183,3.344,1.208,1.229,0.5082,0.7841,0.5643,0.7611,2.089,1.196,1.898,4.912,1.339,0.4526,2.237,1.533,0.3425,0.8682,1.245,1.286,0.9364,1.948,2.02,1.272,1.042,1.463,1.047,0.7178,0.3192,0.3495,0.9987,0.6216,0.5509,0.4064,1.644,0.6236,0.4038,0.6038,1.047,2.206,0.9969,0.3187,0.1499,0.8798,0.4087,0.6173,1.256,1.48,0.2339,4.728,1.467,1.188,2.469,7.942,0.6934,0.2706,1.248,0.7345,1.277,2.855,1.046,0.7141,1.541,0.8578,1.198,0.636,1.346,0.488,1.316,0.6825,0.6081,0.8952,1.812,0.6899,0.7445,0.8385,1.328,1.671,2.02,0.5267,0.4588,2.826,0.648,0.3571,3.563,0.7844,0.7008,2.189,2.406,0.3517,3.236,2.102,1.516,0.7701,0.717,0.6631,1.864,0.5689,0.798,2.773,0.3962,0.5758,1.123,0.3182,0.5823,1.178,1.746,0.2803,0.2323,0.6784,0.9334,0.5135,0.8966,0.4638,0.3408,0.4295,0.7893,0.8522,0.5539,1.264,0.191,0.2321,0.5024,1.061,0.4386,1.861,0.9781,0.4632,1.725,0.8842,0.8165,3.384,2.466,1.562,1.863,0.889,0.7167,0.8121,0.651,1.718,0.3647,1.288,0.4103,0.386,0.589,1.766,0.3043,3.391,1.253,0.8443,0.9726,0.7291,0.6251,1.397,0.9642,0.7575,1.361,0.4945,0.842,0.7139,1.091,1.242,1.546,1.077,1.392,0.8409,0.2464,1.352,1.233,0.7981,2.599,0.9801,1.019,0.3008,1.544,0.5573,0.773,0.7098,0.3881,0.7814,1.018,0.6642,0.6384,1.008,0.7178,1.301,0.4068,0.4415,0.8765,0.7761,0.2655,1.281,0.1383,0.1655,0.8633,0.4434,1.857,0.5827,1.461,2.601,0.3116,2.339,0.4197,0.612,1.515,0.8406,0.3533,1.508,2.342,1.261,0.4444,0.6345,0.4004,1.754,0.4319,0.7372,0.3454,0.6956,0.9526,1.056,0.5952,2.06,0.6575,0.805,0.5649,1.461,0.1734,0.1715,1.207,0.3063,1.158,0.8975,0.6675,1.144,0.5002,1.186,0.1856,0.8287,0.3963,0.2898,1.333,3.071,0.7655,0.297,0.4876,0.5964,0.5707,0.5392,1.16,0.4643,1.604,1.351,0.681,0.6775,0.4593,0.6447,1.512,0.2956,0.2951,0.3625,0.8237,1.219,1.376,0.4102,0.7266,2.9,1.174,0.9253,0.5152,1.701,0.8061,0.5712,1.138,0.4493,1.48,1.952,0.3236,1.548,0.9024,1.058,0.675,0.7774,1.457,3.29,0.7273,0.6926,0.9811,0.5206,1.401,0.5425,3.168,2.698,1.454,0.8339,1.415,0.3028,0.8051,1.444,1.876,0.5255,1.851,0.2439,2.804,0.3974,2.396,2.305,1.969,0.3606,0.2896,0.8265,1.228,0.4495,1.464,1.232,2.01,0.7208,0.7568,1.056,0.7164,2.013,1.34,0.9025,1.451,1.437,0.7257,1.589,0.626,1.837,1.985,0.9511,0.556,1.396,0.3261,0.4503,0.6628,0.6353,2.594,0.5696,3.04,1.216,0.5129,1.425,2.283,1.247,1.293,0.4916,1.767,0.7501,2.608,1.055,0.858,1.11,1.19,2.176,0.2512,0.5811,0.5329,0.836,0.3774,1.346,1.142,0.6463,0.8236,0.6006,0.671,0.8437,1.668,0.2188,0.471,0.7957,1.356,0.3782,1.17,0.3856,0.411,0.8202,0.5033,0.5789,1.425,0.5235,1.603,0.6648,0.5162,2.538,0.5763,2.521,1.965,0.7309,1.287,1.496,0.4897,0.6429,1.264,0.3037,0.384,0.3948,0.4973,0.6451,0.9865,0.4779,1.056,0.5399,1.584,1.439,1.732,1.095
ENSG00000225880,1.226,1.021,4.815,2.602,0.06687,1.214,6.784,0.5738,0.391,1.752,0.8417,1.814,3.953,10.88,2.328,1.19,1.443,1.207,1.376,1.505,4.957,3.107,5.942,8.197,2.206,0.4517,12.38,2.971,1.736,1.635,2.577,3.422,1.323,3.764,3.619,3.317,2.015,5.99,1.36,1.545,0.8399,0.4961,3.043,0.9333,1.047,0.3532,2.452,0.3047,0.2293,0.5922,2.74,1.7,2.765,0.927,0.6267,0.6208,1.048,1.604,1.53,1.537,0.1137,1.246,2.925,2.376,2.339,6.754,1.882,0.4495,0.8191,1.422,1.529,3.042,1.251,0.9486,3.692,0.6511,1.468,0.8533,2.45,1.732,1.53,0.5498,0.6323,1.108,2.004,0.5522,2.565,5.18,2.274,1.031,1.989,1.525,0.447,3.602,1.409,0.7882,7.537,1.082,1.414,5.488,6.931,2.366,7.107,1.111,1.85,1.16,1.962,1.898,0.3277,0.9903,0.8152,4.043,1.547,0.9845,6.581,0.3447,1.329,1.439,6.633,0.6451,0.9288,0.9109,0.6352,0.7237,1.027,0.6172,0.5619,0.381,1.62,0.508,0.6115,2.059,0.1831,0.2017,0.6128,0.815,1.224,1.837,1.191,1.591,3.506,2.041,1.081,3.809,2.779,1.917,1.746,0.9625,2.661,0.7547,1.181,2.779,1.21,3.737,0.9848,0.5783,0.2234,2.741,0.5759,1.954,1.212,0.6604,1.438,0.7392,1.091,1.061,0.4039,1.409,2.374,1.656,0.7139,2.085,1.408,0.9009,1.054,3.04,3.983,0.8935,0.5413,1.425,3.151,1.107,3.081,0.6224,0.2308,0.08539,1.205,1.052,1.3,1.772,0.4695,2.624,1.42,0.9207,1.123,1.47,0.4469,2.137,0.3154,0.6825,1.892,0.7174,0.5912,3.239,0.1963,0.5034,1.342,1.276,10.36,0.9112,0.8398,5.181,0.3244,2.857,0.1915,1.215,1.091,1.81,1.373,2.317,3.156,2.117,0.4106,1.628,0.2001,5.604,0.7357,1.008,0.6514,1.268,1.333,2.083,1.204,1.952,1.477,2.278,0.3939,2.38,0.3388,0.2264,1.81,0.8846,2.231,0.6187,2.248,0.3569,0.5917,2.08,0.1098,1.785,0.6088,0.5589,1.419,2.778,0.3374,0.4332,1.12,1.961,2.8,0.4674,1.58,0.5428,1.997,0.6188,0.7123,1.475,1.5,1.054,5.836,0.4841,1.476,0.166,1.305,2.603,1.146,0.6703,0.4125,2.65,2.858,0.6115,0.5694,0.9598,1.125,0.5418,0.9052,1.758,2.491,2.097,0.2187,2.159,1.757,1.091,0.5444,0.7848,1.377,3.684,1.655,0.5053,2.139,0.7184,1.973,2.867,4.814,2.736,3.076,2.301,1.393,0.2529,1.905,0.4454,1.711,0.2692,1.629,0.4074,5.565,1.168,2.104,1.075,1.573,1.535,0.411,1.094,0.6467,0.4161,1.188,0.955,1.873,1.609,1.781,2.576,2.157,7.207,1.009,1.154,3.479,2.299,1.143,1.342,0.7491,1.168,2.426,0.871,1.315,1.562,0.5511,0.3043,0.53,1.159,3.041,1.51,8.118,2.102,0.4854,3.479,2.889,1.66,0.5125,0.4727,2.014,1.706,6.066,1.564,1.321,1.33,4.77,5.364,0.4213,2.32,1.169,2.139,0.5542,4.183,1.725,0.4406,1.103,1.296,1.538,1.115,2.1,0.94,0.9676,1.855,0.9968,0.5835,2.361,0.8758,0.986,0.6604,0.9975,1.409,1.634,0.9858,4.456,0.9297,0.4813,4.074,0.7757,3.478,0.6403,2.545,0.5969,3.16,1.066,0.7985,2.862,0.4686,0.552,0.9097,0.5515,0.329,0.8647,0.8408,1.588,1.179,1.252,1.83,1.612,5.055
ENSG00000230368,0.05318,0.03691,0,0.03051,0,0,0.0218,0,0.02609,0.03847,0,0.04561,0,0,0.03775,0.01613,0.02235,0.02908,0,0,0.03583,0,0.07062,0.02683,0,0,0.04973,0,0,0.02727,0.02089,0.07613,0.02609,0.1187,0.0236,0.02503,0,0,0,0,0,0,0.03106,0,0.05342,0,0.03224,0,0,0.03022,0,0,0.03116,0,0,0,0,0,0,0.09523,0,0.04503,0.03383,0,0.02332,0.04507,0,0.01773,0.03384,0.04112,0.03844,0.07687,0,0.07054,0,0,0,0,0.02125,0,0.05531,0,0.0477,0.02827,0,0,0.02681,0,0.03587,0.08949,0.03027,0,0,0,0,0,0,0,0,0.03662,0,0,0.02855,0.08764,0.03647,0.02649,0.0198,0,0.1066,0.02203,0,0,0,0.03223,0.128,0.01495,0.1504,0,0.03446,0.09328,0.02014,0.09032,0,0.06727,0.01937,0.05949,0.0212,0,0,0,0,0.2233,0.03178,0.05834,0,0,0.04616,0.04688,0.02952,0,0.02622,0,0,0.02977,0.0287,0,0.06182,0,0.1283,0.02976,0.06028,0.03888,0.04881,0,0,0,0.02768,0.06993,0,0.04461,0.03895,0.02122,0.02495,0.02565,0.04116,0.02245,0.06184,0,0,0,0,0,0.02036,0,0.02178,0.05759,0.03456,0,0.03613,0,0.01847,0,0.03383,0,0.03337,0,0.02432,0.03651,0.02256,0,0,0,0.05355,0.0639,0,0,0.07754,0,0,0.1615,0,0.02008,0,0,0,0,0,0,0,0.02027,0,0,0.02558,0.04507,0,0,0,0.02453,0.01727,0,0,0.01669,0.01619,0,0,0,0,0.01388,0,0,0,0,0,0.01882,0,0,0.0201,0.02373,0.01547,0,0,0.01301,0,0.01988,0,0,0.02444,0.02074,0,0.01985,0,0.01939,0,0.5253,0.02927,0,0.1104,0.108,0.02358,0.05068,0,0.03364,0.0304,0.05965,0.04414,0.05562,0.1001,0,1.176,0.056,0,0,0.04528,0.03181,0,0.03323,0,2.836,0.1319,0.02307,0.026,0.05372,0.08365,0.05223,0.08726,0,0,0.03249,0.03163,0.1441,0.1172,0.02785,0.06297,0.02063,0,0.1475,0.1722,0.03985,0.1726,0.05936,0.0317,0.2132,0,0.09688,0,0.3565,0.1007,0.1645,0.05508,0.6324,0.6493,0.1001,0.09421,0,0.1919,0.03496,0,0.03332,0.04473,0.1586,0,0,0,0,0.1288,0.05178,0.08056,0,0.937,2.303,0,0.05509,0,0.06903,0,0.02122,0,0.1165,0.02241,0.04824,0.0679,0.03148,0.1113,0.99,0,0,0,0,0.02045,0.1008,0.0602,0.1717,0.04859,0.01985,0,0.0379,0,0,0.03066,0.02552,0.03331,0.0181,0.02795,0.02308,0,0.1214,0,0.03195,0,0.0145,0.08013,0.0955,0,0,0,0,0.06455,0.02249,0,0.01773,0.02544,0,0.02703,0,0.04936,0.02374,0.01782,0,0.008242,0,0.01593,0.01645,0.02703,0.02017,0.0696,0.08517,0.102,0.09656,0.02415,0.08491,0.04503,0.02826,0.06031,0,0,0.0813,0.02993,0,0.02392,0,0,0.02515,0,0.1065,0.05054,0.02886,0.06879,0.1177
ENSG00000188976,17.11,13.34,19.97,29.96,6.828,20.6,31.98,7.673,6.856,13.03,17.16,12.25,35.48,71.98,13.1,15.53,16.34,13.97,12.91,18.4,48.79,15.02,33.1,61.79,32.04,11.13,38.35,20.99,7.256,12.34,14.25,37.4,10.11,32.44,42.19,18.29,21.22,25.95,11.98,18.26,6.453,10,15.49,4.342,28.57,4.765,19.34,10.55,16,9.53,16.29,43.42,29.07,8.264,3.119,13.37,10.31,11.77,25.49,11.1,2.582,14.44,23.84,18.8,32.04,38.91,22.22,4.858,15.8,8.18,17.58,37.24,9.605,11.31,21.49,16.25,28.29,16.6,19.33,12.28,13.23,11.85,5.832,24.85,29.91,20.11,11.89,27.91,35.84,28.41,43.61,7.049,9.135,34.29,8.373,4.293,52.7,13.29,16.47,29.13,36.5,12.52,38.81,22.98,12.71,7.245,5.563,9.42,11.3,21.13,11.68,28.33,7.299,11.71,8.993,10.54,14.1,21.95,40.85,6.178,8.253,22.5,18.61,10.16,12.15,4.738,5.672,8.807,12.03,4.952,13.74,12.91,3.459,18.55,22.85,22.96,5.954,26.85,16.72,21.89,20.07,21.91,23.33,41.27,24.32,26.28,43.37,26.25,15.15,18.12,8.275,26.61,18.27,23.64,7.092,9.12,8.165,94.37,6.993,37.25,15.42,23.36,13.81,12.77,14.05,22.46,9.43,13.31,12.85,15.21,11.22,10.47,20.87,15.57,28.08,22.61,17.85,12.69,9.416,10.29,21.91,12.61,30.74,23.52,11.86,3.178,31.48,6.735,13.26,10.1,7.863,14.9,14.82,17.01,14.5,12.08,5.926,15.55,6.739,10.93,17.16,14.26,5.724,35.68,2.767,4.977,7.853,10.39,31.25,12.02,14.61,82.44,7.971,61.73,3.821,8.203,23.13,14.02,10.73,25.72,16.18,10.93,8.239,11.03,7.467,16.98,10.24,7.764,9.131,15.24,21.8,13.92,10.08,20.84,21.67,12.68,4.345,13.49,5.011,4.714,26.87,11.54,22.32,11.08,10.72,18.7,15.83,26.1,1.268,9.145,10.59,10.36,21.89,38.4,13.77,4.891,10.76,19.85,16.87,12.72,25.67,6.656,45.14,16.5,21.33,12.19,8.563,5.944,21.86,6.292,6.901,3.681,17.58,25.72,20.42,5.524,9.048,24.83,25.64,23.14,9.007,27.79,24.63,17.84,19.14,15.4,34.72,41.67,9.447,29.08,26.34,12.51,2.448,21.94,22.13,49.97,20.35,6.583,21.91,4.616,23.62,13.99,68.9,38.68,16.17,25.85,24.99,10.18,9.54,18.41,21.61,2.057,51.79,8.884,67.27,12.5,42.34,32.16,14.36,17.91,8.38,11.27,20.54,6.029,35.09,24.35,25.44,12.05,16.09,11.91,12.21,49.12,48.56,17.38,37.13,20.62,18.25,19.06,14.41,41.03,33.12,10.05,10.03,10.09,10.01,10.48,9.185,12.45,32.68,11.78,46.92,18.24,13.58,13.54,21.78,32.37,22.59,19.88,14.76,16.11,35.46,8.327,22.36,25.91,21.78,48.18,6.257,14.51,10.62,16.34,14.05,31.16,27.11,9.296,30.19,4.474,11.98,16.12,31.5,6.037,12.29,14.43,18.65,8.43,42.35,9.142,5.61,12.04,8.181,8.706,17.36,12.07,18.05,16.7,5.101,45.88,16.94,38.69,32.95,16.71,27.98,13.38,7.395,9.446,36.33,7.717,12.73,10.46,10.89,23.56,11.76,9.145,21.02,15.56,28.61,17.4,24.57,24.12
ENSG00000187961,2.374,2.096,8.952,7.032,2.097,5.121,17.42,1.831,1.304,3.631,3.262,3.464,9.456,24.77,3.993,2.661,1.464,3.613,2.046,2.444,7.825,5.162,15.9,34.06,6.287,2.049,26.01,5.887,1.608,4.05,4.674,6.815,4.696,9.075,13.42,6.57,5.457,9.111,3.382,3.516,1.629,2.033,4.536,1.232,3.797,0.7309,4.395,1.715,1.612,1.452,4.296,10.21,6.925,1.748,0.5516,2.875,1.442,2.223,5.379,2.465,0.5458,3.081,8.734,5.518,9.641,9.098,3.615,0.7569,2.824,2.135,4.234,9.076,2.256,2.658,5.225,5.002,5.763,1.947,6.147,2.139,2.979,2.436,1.238,4.746,8.526,1.86,3.889,5.551,7.294,8.294,14.64,3.22,2.876,12.44,1.455,1.64,17.79,2.908,4.634,7.482,16.63,3.52,10.54,6.322,3.256,2.519,2.738,5.111,1.638,2.116,2.835,8.071,1.581,3.667,6.907,1.604,2.664,7.507,12.19,1.222,1.564,4.602,3.314,2.47,3.139,1.689,0.9462,2.235,1.937,1.507,3.334,3.436,0.478,1.713,2.462,4.182,1.31,4.583,5.601,4.36,6.184,4.86,5.384,10.88,6.685,4.003,11.67,4.127,4.145,3.076,2.706,9.452,3.813,8.809,1.64,1.474,1.679,8.483,1.794,6.905,5.311,4.468,3.451,1.805,2.287,7.354,2.221,2.384,3.679,3.652,1.67,3.851,4.978,2.803,2.536,8.668,5.466,4.303,1.613,4.694,11.98,5.251,18.39,3.591,3.367,0.3594,8.778,3.206,2.725,3.665,1.581,3.615,5.223,3.581,3.13,7.182,1.411,5.189,1.44,3.408,3.631,4.579,1.423,13.4,0.628,1.042,3.001,2.632,19.06,1.475,1.879,17.89,2.222,16.18,0.8599,3.078,8.045,5.285,2.773,6.104,4.649,2.56,2.805,3.529,0.8087,8.05,2.168,3.004,1.725,2.974,3.828,4.596,3.255,4.867,4.748,4.354,1.756,3.155,1.486,0.8458,3.226,1.894,7.973,3.144,3.093,5.071,2.242,8.875,0.7626,5.038,1.391,1.261,4.471,8.832,4.531,1.167,1.178,3.485,3.822,2.73,5.633,1.289,6.873,2.836,4.176,3.009,2.368,2.521,2.705,0.9103,1.402,0.3028,3.614,8.134,5.987,0.8465,1.464,4.946,6.617,5.249,2.019,6.751,4.844,0.7941,4.177,2.434,7.84,8.607,1.074,7.714,3.424,1.905,0.4125,4.525,3.835,8.541,4.04,0.8025,6.721,0.7489,6.184,3.621,14.33,7.968,3.778,5.156,7.064,0.7451,5.452,2.762,4.298,0.3237,8.137,1.083,22.14,2.697,12.24,6.58,3.94,2.832,2.092,3.041,3.941,1.868,4.343,2.801,5.133,2.952,3.453,2.464,5.811,12.67,7.107,2.211,10.3,4.344,6.637,2.362,3.936,6.414,9.456,2.75,2.741,2.781,2.311,1.556,1.989,3.563,11.73,3.618,22.77,5.122,3.332,6.147,2.725,8.469,7.099,3.326,5.266,4.569,10.62,2.915,4.503,8.803,7.521,20.83,1.705,4.93,2.967,9.217,2.391,6.696,9.293,2.138,5.974,1.392,5.095,3.35,10.63,0.757,3.283,4.009,3.606,3.157,8.047,2.408,1.332,1.946,2.895,1.906,7.287,3.304,6.585,2.72,1.351,19.63,3.71,10.45,3.188,6.098,3.693,3.977,1.668,2.065,6.301,1.236,1.99,3.155,1.521,1.777,3.84,1.477,2.395,2.027,8.631,4.832,5.352,10.94
ENSG00000187642,0.15,0.1122,0.3993,0.1722,0.05036,0.2118,0.1608,0.2161,0.07927,0.09184,0.1639,0.1287,0.2178,0.6943,0.2376,0.196,0.1164,0.2651,0.1036,0.1012,0.1555,0.1007,0.3525,0.3494,0.1534,0.1417,1.748,0.1995,0.08323,0.1539,0.1632,0.2974,0.06794,0.2835,0.5123,0.239,0.2396,0.09022,0.1786,0.1101,0.06709,0.1246,0.08088,0.1198,0.4637,0,0.1119,0.2778,0.164,0.01312,0.1358,5.379,1.082,0.09775,0.1144,0.1238,0.1062,0.1031,14.97,0.124,0.05139,0.1075,0.235,0.09623,0.0911,0.3521,0.1272,0.03078,0.5141,0.07139,0.09177,0.3781,0.02049,0,0.1192,0.2942,0.3857,0.0311,0.1384,0.09924,0.08403,0.1282,0.1346,0.2945,0.1783,0.305,0.256,0.3547,0.4049,0.1165,0.4204,0.03705,0.1563,0.4315,0.2002,0.0291,0.4908,0.009705,0.1864,0.3497,0.1604,0.04883,0.285,0.1395,0,0.2185,1.985,0.04468,0.108,0.1626,0.2423,0.1384,0.03782,0.1539,0.2556,0.2596,0.1523,0.7053,9.258,0.1518,0.1574,0.3332,0.2392,0.1849,0.1093,0.09038,0.0736,0.1614,0.0452,0.08199,0.1206,0.1384,0.01379,0.2659,0.2098,0.1242,0.5009,0.1933,0.5766,0.1965,0.05691,0.1147,0.4636,0.3101,0.1993,18.37,0.3623,0.1208,0.2227,0.2325,0.1177,0.2194,0.1483,0.4635,0.1129,0.0917,0.1562,2.58,0.05421,0.2324,0.2367,0.4697,0.1191,0.08908,0.1519,0.1559,0.2326,0.05897,0.05258,0.1336,0.05974,0.09812,0.02651,0.2286,0.04727,0.8199,0.12,0.09421,0.1568,0.07153,0.09622,0.1271,0.1615,0.1654,0.04345,0.04019,0.285,0.206,0.03917,0.4567,0.05893,0.03368,0.09298,0.1387,0.05834,0.2622,0.101,0.3713,0.04568,0.1402,0.2294,0.1307,0.327,0.1725,0.05174,0.0158,0.05278,0.08007,0.7003,0.09678,0.06325,0.8084,0.1888,0.2543,0.0641,0.135,0.1203,0.09583,0.2323,0.2968,0.1268,0.1014,0.0773,0.08479,0.007536,0.1724,0.09235,0.09037,0.06455,0.08083,0.1076,0.1111,0.07231,0.2695,0.3224,0.2006,0.03491,0.1339,0.1276,0.02131,0.2606,0.2597,0.2578,0.06903,0.06048,0.1904,0.1485,0.3421,0,0.07756,0.04367,0.05051,1.085,0.4963,0.216,0.07612,0.1054,0.09376,0.2047,0.165,0.1728,0.0876,0.2771,0.246,0.364,0.169,0.1412,0.0968,0.4662,0.07293,0.2198,0.1146,0.4717,0.3728,0.1998,0.04327,0.07768,0.8982,0.1832,0.2203,0.1241,0.3031,0.3026,0.2418,0.202,0.202,0.1937,0.3948,0.1373,0.344,0.1832,0.145,0.1093,0.6538,0.05516,1.793,0.3489,0.04325,0.4682,0.3092,0.1376,0.1851,0.4327,0.2944,0.1745,0.2476,0.4592,0.2857,0.2869,0.671,0.6643,0.1593,1.104,0.2109,0.4303,0.09104,4.121,2.531,0.8447,0.5231,0.1548,7.361,0.3812,0.01492,3.046,0.3147,4.254,0.09321,0.2748,0.4262,0.1741,0.5978,0.4823,0.2397,0.3309,0.3223,0.4236,0.3337,0.2918,0.1047,0.1621,0.246,0.0604,0.3393,0.2158,0.06549,0.1331,0.1138,0.4084,0.1225,0.4442,1.565,0.2671,0.2155,0.2045,0.3044,0.6562,0.4069,0.09314,0.07754,19.07,0.165,0.4853,0.2204,0.1218,1.265,0.08543,0.09707,0.259,0.8937,0.2087,0.1451,2.327,0.1854,0.5953,0.2568,0.1214,0.205,0.4602,0.2001,0.2981,0.1981,0.176,0.2417,1.157,0.1237,0.1779,0.175,0.1467,0.2372,0.2074,0.1071,2.229,0.2363,0.07049,0.3142,0.2921,0.3982,1.856,0.43,0.3421,0.06134,0.1658,0.04295,0.2476,0.2706,0.1819,0.1507,0.1558,0.4646,0.1996,0.2074,0.097,0.185,0.4606,0.4761,0.5275,0.1789
ENSG00000272512,0,0,0.05049,0.5783,0,0.08691,0.2656,0.1631,0.01766,0.2604,0,0.1235,0.4152,1.607,0.1789,0.5895,0.03026,0.1181,0.07181,0.03156,0.1455,0.1177,0.3107,0.3996,0.917,0,1.986,0.7779,0,0.03692,0.099,0.5411,0.724,0.2813,0.1758,0.1355,0.09341,0.9614,1.356,0.07356,0.04484,0.01942,0.1051,0,0.01808,0.03456,0.24,0.1413,0,0.1432,0.06352,0.8637,0.464,0.02178,0,0,0,0.02297,0.6071,0.1289,0,0.04572,1.351,0.3601,0.3631,0.5796,0,0.024,0.06872,0,0.1301,1.37,0.2236,0.1114,0.3923,0.01912,1.042,0.04849,0.5899,0,0.2246,0.0615,0.2744,1.072,0.2995,0.1297,0.1452,0,0.9713,0,0.1229,0.2022,0.01875,0.9854,0.01561,0.08168,0.7033,0.04541,0.04153,0.04958,0.523,0.01904,1.237,0.1977,0.02469,0.1076,0.1474,0.4645,0,0.01491,0.02519,0.1439,0.02359,0.1636,0.2599,0.04049,0.1188,0.1116,0.9096,0.04736,0,0.03057,0.02665,0.07589,0.1049,0.08054,0.05739,0,0.04699,0.01421,0.0684,0.2591,0,0.03949,0.1145,0.03418,0.1406,0.5077,0.1399,0.03064,0.1598,0.03578,0.07053,0.665,0.07771,0.4635,0.0837,0,0.1042,0.02015,0.3468,0.3685,0.09912,0.1291,0.02515,0,0,0.1893,0,0.9059,0.3955,0.2298,0.3716,0.01736,0.01393,0.228,0.1256,0.09196,0.1148,0,0,0.153,0.05512,0.05751,0.2801,0.1559,0.2807,0.2099,0,0.2008,0.4877,0.2313,0.5726,0.1935,0,0,0.06584,0.07413,0.2138,0.1461,0,0.01751,0.1994,0.1298,0,1.863,0.02624,0.637,0.0285,0.07287,0.226,0.04077,0.0217,0.3458,0,0.07391,0.02352,0.07492,13.73,0,0.04227,0.06724,0,0.7169,0.03749,0.1053,0.09379,0,0.02337,1.122,0,0.2486,0.02192,0.08137,0.01175,0.02561,0.1749,0.1785,0.01007,0,0,0.06115,0.7176,0.02547,0,0.1834,0.05443,0.09638,0.01047,0.01662,0.1406,0,0.2382,0.06728,0.02358,0.1223,0,0.1965,0,0.5779,0.1532,0.05251,0.2273,1.025,0.1982,0,0.02988,0.2376,0.3831,0.06861,0.02994,0.0683,0.9259,0.08075,0.1195,0.113,1.897,0.09057,0.1039,0.01895,0.06049,0.03249,0.04598,0.04306,0.0374,0.02249,0.05191,0.3632,0.4464,0.5777,0.3344,0.2545,1.34,0,0.2166,0,3.1,0.2419,0,0.13,0.2698,0.2639,0.1705,0.02793,0.8601,0.4327,0.07773,0.02698,0,0.02009,0.1073,0,0.2892,1.082,0.3464,0.09654,0.8183,0.1114,0.1118,0.09512,0.1256,0.06774,0.4464,0.04485,0.9307,0.04732,0.4202,0.4285,0.06056,0.02147,0.02194,0.4627,0.2477,0.01164,0.3632,0.2278,0.209,0.1938,0.1886,0.298,0.05429,0.2051,0.09117,0.1168,0.6604,0.1005,0.2994,0.2838,0.01517,0.2449,0.09193,0.02131,0.01884,0.1058,0.07767,0.0383,0.05187,0.07396,1.537,0.1091,1.08,0.915,0.08771,0,0.8928,0.1924,0.4816,0.06609,0.1245,0,0.3382,0.3675,0.03784,0.8124,0.1899,0.02739,0,0.9083,0.1413,0.1178,0,0.2909,0.5571,0.09131,1.123,0.1001,0.05826,0.04567,1.233,0.024,0.05165,0,0.07317,0,0.284,0.03214,0.01206,0.01436,0.02231,0.01761,0.7223,0.04453,0.7686,0.3276,0.1413,0.5477,0.02761,0.3758,0.1798,0.6897,0.1067,0.09565,0.05443,0.02233,0.4315,0.1101,0,0.02137,0.09716,0.08049,0,0.01703,0,0.4904,0.5986,0.2344,0.3415,0.1195
ENSG00000187608,18.52,27.73,15.19,61.91,10.35,37.9,48.99,56.06,6.709,36.6,9.026,14.47,60.44,144.5,33.95,108,14.6,27.88,41.75,32.99,50.43,73.23,70.6,47.38,268.2,16.08,641,902.5,5.55,18.62,9.932,21.48,142.2,53.95,29.54,37.37,27.71,101.1,334.7,8.187,10.84,18.29,24.44,8.977,28.8,11.22,57.17,35.67,10.42,26.14,40.17,55.29,124.1,5.866,7.96,19.85,11.33,11,33.32,31.71,4.613,8.632,823.5,22.98,34.6,18.54,21.4,10,31.99,7.305,35.94,420.4,15,45.84,20.2,22.1,137.8,29.59,41.27,12.27,8.362,38.34,12.15,391.4,51.18,36.79,21.35,22.46,60.1,50.21,260.7,13.8,18.82,52.46,12.98,5.579,101.9,12.16,18.61,19.64,77.95,12.89,58.64,54,18.02,31.42,8.485,30.91,91.89,20.15,14.79,43.62,6.817,25.92,30,17.9,63.49,38.17,28.78,9.195,18.9,31.46,23.53,14.75,51.11,14.23,6.276,16.68,8.277,8.21,143.6,20.13,124.1,17.18,36.57,55.88,34.03,83.9,60.23,56.19,160.4,32.7,38.24,89.68,59.4,16.01,77.95,17.93,13.91,22.31,38.8,67.38,23.74,310.6,17.6,11.81,15.83,84.63,57.03,37.06,50.57,56.45,38.7,11.75,15.11,55.05,24.38,33.52,34.51,40.52,10.98,29.28,56.79,42.48,152.2,49.24,18.31,23.82,30.23,25.53,124,38.17,123.4,35.79,19.71,5.224,73.82,9.843,30.87,21.78,14.73,26.81,20.41,24.15,21.21,249.4,4.109,58.76,6.069,16.69,20.51,22.5,18.51,77.72,8.891,19.34,25.56,18.86,69.83,19.71,26.05,103.8,22.21,350.4,13.44,19.07,40.78,30.13,17.52,111.3,14.05,47.84,17.49,43.89,21.86,21.58,26.39,26.56,26.54,19.71,39.69,54.61,118.6,50.59,29.69,22.85,16.83,23.67,13.38,5.013,53.54,4.278,46.18,34.95,18.35,242.7,59.73,644.2,6.68,573.6,8.624,27.9,27.38,306.4,18.25,7.926,36.23,25.12,22.12,12.48,75.44,6.972,28.99,21.19,24.01,20.07,16.38,16.37,8.29,11.17,11.37,5.499,22.44,23,360.2,8.079,25.18,11.47,39.05,50.37,26.5,40.73,68.49,1.519,30.19,12.73,847.8,38.68,10.35,39.63,64.45,18.53,3.877,28.23,65.83,26.97,40.8,4.317,35.31,6.43,11.27,16.17,96.46,41.82,6.38,24.12,68.14,7.436,21.55,7.501,25.01,8.266,51.98,22.72,112.2,21.3,73.7,45.23,43.37,14.53,13.09,30.69,38.43,9.457,28.97,32.72,14.21,25.55,34.3,130.1,39.95,39.71,50.75,3.012,40.3,19.51,61.08,20.08,18.44,34.77,54.55,17.42,9.499,11.21,14.01,15.93,31.26,21.76,120.6,27.27,70.08,44.84,26.63,60.46,34.51,98.09,65.66,34.63,20.11,42.36,50.93,404,23.09,41.15,16.18,35.76,14.55,89.62,159.7,95.61,17.86,35.05,267,12.75,92.85,6.732,28.51,26.22,319.7,15.45,24.98,22.87,25.61,12.39,48.12,55.25,63.63,28.57,9.646,22.99,52.17,21.09,43.27,67.13,10.99,88.47,7.882,52.82,67.83,31.76,60.32,18.85,33.33,19.64,343.1,18.92,17.96,13.87,24.35,16.64,24.78,11.17,20.69,27.5,50.84,89.96,49.71,24.59
ENSG00000231702,0,0,0,0,0,0,0,0,0,0,0,0,0,0,0,0,0,0,0,0,0,0,0,0,0,0,0,0.1964,0,0,0,0,0,0,0,0,0,0,0,0,0,0,0,0,0,0,0,0,0,0,0,0,0,0,0,0,0,0,0,0,0,0,0,0,0,0,0,0,0,0.246,0,0,0,0,0,0,0,0,0,0,0,0,0,0.3383,0,0,0,0,0,4.283,0,0,0,0,0,0,0,0,0,0,0,0,0.3416,0,0,0,0,0,0,0,0,0,0,0,0,0,0,0,0.4123,0,0,0,0,0,0,0,0.2536,0,0,0,0,0,0,0,0,0.2014,0,0,0,0,0.3138,0,0,0,0,0,0,0,0,0,0,0,0,0,0,0,0,0,0,0,0,0,0,0,0,0,0,0,0,0,0,0,0,0,0,0,0,0,0,0,0.221,0,0,0,0,0,0,0,0.2699,0,0,0,0,0,0,0,0,0,0,0,0,0,0,0,0,0,0,0,0,0,0,0,0,0,0,0,0,0,0,0,0,0,0,0,0,0,0,0,0,0,0,0,0,0,0.2222,0,0,0,0,0,0,0,0,0,0,0,0,0,0,0,0,0,0,0,0,0,0,0,0,0,0,0,0,0,0,0.3328,0,0,0,0.3351,0,0,0,0,0,0,0,0,0,0,0,0,0,0,0,0,0,0,0,0,0,0,0,0,0,0,0,0,0,0,0,0,0,0,0,0,0,0,0,0,0,0,0,0,0,0,0.4369,0,0.2676,0,0,0,0,0,0,0,0,0,0,0,0,0.3296,0,0,0,0,0,0,0,0,0,0,0,0,0,0,0,0,0,0,0,0,0,0,0,0,0,0,0,0,0,0,0,0,0,0,0,0,0,0,0,0,0.2984,0,0,0,0,0,0,0,0,0,0,0,0,0,0,0,0,0,0,0,0,0,0,0,0,0,0,0,0,0,0,0,0,0,0,0,0.8588,0,0,0,0,0,0,0.6907,0,0
ENSG00000188157,0.2968,0.7348,2.031,1.498,0.3076,1.409,1.537,0.4571,0.3009,0.637,0.5153,0.314,1.831,1.944,0.4354,0.6871,0.395,0.3246,0.3898,0.7374,1.94,1.084,1.642,5.202,2.235,0.2916,8.742,4.215,0.2191,0.3704,0.4587,1.551,1.024,1.458,1.265,1.02,0.8044,1.321,2.016,0.3437,0.2095,0.2242,0.5373,0.2191,0.5416,0.1852,0.9115,0.3235,0.1369,0.3767,0.5703,1.467,1.53,0.2454,0.05824,0.5835,0.3186,0.4798,0.8509,0.7618,0.1248,0.779,4.337,0.5073,1.197,1.149,0.4283,0.1517,0.362,0.3098,0.5614,4.109,0.2458,0.5599,0.9136,0.3783,4.92,0.6264,0.6247,0.3099,0.602,0.4986,0.4969,1.72,1.258,0.8081,0.9176,0.6564,1.562,2.497,6.492,0.3017,0.3813,2.378,0.2574,0.2469,2.734,0.391,0.5022,1.404,1.569,0.565,2.188,1.88,1.805,0.4287,0.5819,0.7085,1.071,0.291,0.4362,0.9359,0.1459,0.3238,0.4858,0.1391,0.527,0.863,2.276,0.1735,0.2323,0.4369,0.2343,0.3671,0.4865,0.332,0.1774,0.2152,0.3003,0.1718,0.7613,0.6171,0.201,0.2225,0.3687,0.9677,0.3693,0.8372,0.4394,0.6106,1.332,0.767,0.5476,2.442,1.228,0.7825,1.248,0.443,0.7398,0.4651,0.4878,1.013,0.3542,1.646,0.2073,0.2505,0.2627,2.147,0.5019,1.353,0.5652,0.5645,0.3807,1.546,0.4939,0.7394,0.3758,0.2822,0.5679,0.3946,0.7426,0.3224,0.5908,0.6512,0.7941,0.7971,0.6172,0.5134,0.08065,0.3158,1.1,0.5843,1.718,0.6264,0.3786,0.06891,1.181,0.4007,0.4406,0.281,0.3182,0.4716,0.807,0.6003,0.4688,1.355,0.1587,0.9815,0.1801,0.3305,0.6521,0.493,0.8587,1.658,0.1426,0.1727,0.5009,0.5216,2.976,0.3884,0.4144,4.804,0.3474,3.253,0.1992,0.1768,0.5886,0.4244,0.5621,0.8906,0.4957,0.2609,0.3102,0.3019,0.2325,1.2,0.2092,0.2892,0.3347,0.2614,0.8146,0.6779,0.2845,0.8857,0.7324,0.4477,0.2618,0.6843,0.1439,0.37,0.7946,0.2468,0.7203,0.5917,0.3823,1.133,0.1864,5.004,0.1683,0.927,0.2761,0.1299,0.7009,5.128,0.5936,0.8296,0.5873,0.6279,0.8862,0.429,0.6994,0.5945,0.9557,0.4605,0.4762,0.4605,0.3026,0.3734,1.246,0.323,0.3491,0.0893,0.7581,1.982,2.374,0.1638,0.566,1.625,2.031,0.8196,0.711,0.9594,0.9648,0.23,0.6818,0.2501,3.5,1.052,0.4589,1.599,0.8985,0.4507,0.2226,0.7485,0.8794,3.759,1.656,0.08897,0.6101,0.1215,0.6724,1.877,3.965,1.712,0.7412,0.9551,1.499,0.4285,0.8607,2.575,1.165,0.2855,7.94,0.4643,3.058,0.2926,2.147,1.457,0.6408,0.6254,0.3196,0.5264,0.7215,0.3838,0.6069,0.5972,1.126,0.8257,1.121,1.335,0.6117,1.604,2.794,0.3917,1.061,0.8525,0.6667,0.4507,0.6378,0.727,0.8969,0.3866,0.6265,0.5138,0.3131,0.3298,0.5061,0.3903,2.153,0.36,2.089,1.002,0.3766,0.5614,2.633,1.22,1.497,0.5958,0.8554,0.5839,1.816,1.468,0.8632,1.112,1.474,3.712,0.3243,0.9628,1.154,0.4235,0.3056,1.008,1.925,0.2091,0.7951,0.3523,0.5484,0.6945,2.496,0.1517,0.459,0.697,0.7491,0.3249,1.313,0.4152,0.3249,0.3119,0.3756,0.4066,0.6874,0.2937,1.333,0.5965,0.3409,1.418,0.3718,1.877,5.581,0.6582,0.6744,0.4785,1.043,0.5339,2.734,0.2975,0.2116,0.4581,0.2314,0.2964,0.3737,0.379,0.2564,0.3211,1.236,0.5906,0.8276,0.7338
ENSG00000131591,2.428,1.858,5.32,5.71,1.198,3.498,7.562,2.58,1.172,3.061,1.973,2.083,6.142,18.16,3.555,2.625,2.405,1.963,3.333,1.265,8.187,2.787,7.587,17,7.269,1.732,11.99,3.117,1.081,2.433,3.186,7.732,2.689,5.323,9.789,5.318,3.431,2.694,3.134,1.758,1.025,1.591,2.106,0.6933,3.051,0.4771,5.091,1.66,2.458,1.394,3.875,8.435,5.916,1.115,0.5611,2.33,1.243,1.35,5.946,2.679,0.4282,1.744,5.058,4.991,6.136,6.398,2.7,0.935,2.228,1.314,3.47,6.873,1.671,1.715,4.238,2.384,3.133,3.023,5.503,1.969,2.142,1.595,1.775,2.914,5.677,3.494,5.114,3.448,6.931,8.9,5.382,1.871,1.002,9.46,1.62,0.9779,9.882,1.139,2.527,6.777,9.78,1.204,7.39,5.591,1.627,1.206,2.07,1.437,1.285,2.125,2.838,5.275,0.8246,1.651,2.191,0.9916,2.584,3.187,7.259,0.9769,1.075,2.518,3.156,2.649,2.44,0.7351,0.8752,1.519,1.606,0.6389,2.155,2.538,0.4597,2.673,2.272,3.08,0.9948,4.373,2.714,3.172,4.299,2.135,4.451,8.281,4.567,2.329,11.93,4.465,4.013,2.377,3.207,6.504,2.435,8.886,1.455,1.202,1.06,13.7,1.483,5.351,4.085,4.975,2.956,1.577,2.494,4.054,2.1,1.842,3.074,2.918,1.611,2.18,4.135,3.114,2.842,4.586,4.479,4.149,1.982,2.682,9.476,3.149,7.73,4.528,1.82,0.4968,4.852,0.9242,3.032,1.968,1.538,2.651,2.8,1.858,2.481,3.217,1.309,4.761,1.351,1.679,2.515,2.354,1.029,8.289,0.7545,0.8282,1.733,1.384,11.07,1.014,1.255,11.12,1.118,10.3,0.9291,1.469,5.637,3.068,1.483,5.421,1.953,2.973,1.396,3.619,0.7744,4.19,2.075,1.991,1.43,2.158,3.797,3.526,2.492,3.006,3.257,3.079,1.927,2.589,0.9884,1.043,3.75,2.517,5.277,2.768,1.764,5.265,3.809,5.175,0.2584,2.387,1.804,1.467,4.61,6.594,2.488,0.4531,1.151,3.589,2.58,0.9623,3.872,0.8414,7.411,2.472,2.993,2.372,0.9127,0.8671,4.517,0.8439,0.6734,0.3544,1.563,4.803,2.797,0.4957,1.487,1.963,6.201,6.278,2.163,4.598,4.563,1.275,1.604,2.197,6.951,7.294,1.182,4.002,2.629,2.308,0.3606,2.96,4.312,9.439,2.405,0.6786,3.29,0.653,3.306,2.442,13.72,5.927,2.556,3.718,3.628,0.9091,3.486,2.848,4.445,0.2312,6.162,2.117,15.26,2.581,8.496,10.17,2.393,2.648,1.006,2.953,3.83,0.6891,5.285,3.597,3.326,3.668,2.145,1.776,2.643,11.62,6.698,2.985,6.782,2.487,4.362,2.619,3.654,4.442,10.4,1.746,1.585,2.23,2.496,1.643,1.663,2.654,7.791,2.922,12.17,2.322,3.236,4.105,2.436,5.792,4.59,3.349,2.051,4.584,9.085,1.674,3.243,3.84,4.228,16.89,1.33,4.015,2.086,5.707,2.391,4.375,5.457,1.816,9.555,0.4369,2.867,2.948,8.508,0.9992,2.131,2.208,2.33,1.633,6.731,1.46,1.472,1.81,2.683,1.827,6.192,1.651,3.3,3.039,0.6782,11.41,2.083,10.03,3.8,5.903,4.424,1.525,1.842,1.302,7.655,1.83,1.543,1.808,1.305,3.419,2.64,1.236,1.734,2.338,5.491,4.288,7.146,5.172
ENSG00000186891,1.644,1.179,29.24,22.99,3.258,4.393,22.67,17.64,0.5109,14.49,1.868,2.139,37.73,66.1,48.52,27.25,2.649,4.286,12.79,1.61,10.67,26.08,16.78,30.67,21.34,1.571,38.44,18.83,0.8187,12.59,16.34,13.26,13.28,26.37,6.763,16.33,10.5,18.25,18.92,2.166,2.617,1.745,8.066,4.229,1.844,0.4737,33.36,6.682,3.608,2.648,5.932,27.88,21.68,0.5637,0.5264,2.939,1.441,0.7345,23.27,4.581,0.7321,1.044,33.13,15.83,33.58,28.01,0.6903,0.8587,5.737,5.488,18.34,92.14,7.369,3.272,12.39,7.976,13.31,2.387,19.78,2.053,12.37,2.037,8.874,11.83,5.57,18.3,10.97,13.86,24.51,12.73,29.38,3.651,1.913,37.44,3.066,6.329,38.23,1.544,5.354,9.965,43.24,2.695,61.9,19.45,2.819,9.556,10.47,16.3,0.8791,10.6,2.455,16.36,2.389,9.218,18.42,0.6165,1.214,5.461,23.3,0.3846,1.1,3.142,4.138,17.24,2.915,1.38,2.862,2.257,1.127,0.9518,6.847,7.1,2.587,0.5712,12.13,13.15,2.093,12.73,6.846,5.342,15.16,11.3,3.168,22.28,55.49,19.22,25.77,1.849,8.144,2.086,5.56,38.51,12.17,13.8,2.986,1.579,1.598,23.35,2.317,15.63,12.08,12.33,13.37,0.5552,2.843,16.18,1.955,2.217,12.29,3.279,6.005,13.67,15.21,15.17,6.263,20.06,14.82,55.44,2.793,13.54,41.14,13.47,38.46,27.24,4.711,0.5535,12.53,2.784,15.88,9.787,2.323,7.651,9.797,2.634,17.56,13.73,0.6393,15.64,1.085,1.498,10.12,3.228,2.808,21,8.284,0.9566,8.039,6.426,20.9,1.609,4.613,36.96,1.608,37.51,2.511,10.51,21.85,5.107,0.9609,30.69,10.97,9.428,1.869,7.357,0.6263,17.86,10.32,9.986,2.636,4.798,4.087,14.09,18.39,3.491,1.971,10.73,6.61,14.63,3.205,11.18,40.98,4.022,14.74,11.37,2.01,6.888,8.339,14.26,1.947,3.704,12.11,1.159,5.959,18.22,9.504,0.723,2.025,6.261,5.493,1.75,4.08,1.387,40.16,3.443,2.32,4.558,0.748,5.631,4.006,0.6926,1.013,0.3216,12.97,17.24,13.29,0.8733,1.792,14.61,5.084,14.67,3.35,4.069,19.46,0.5921,10.46,3.197,35.22,34.86,0.2934,26.75,14.3,7.06,2.499,4.636,19.07,15.41,27.16,1.191,6.626,0.2141,4.738,3.662,21.38,13.73,15.75,3.748,19.11,1.639,8.345,2.245,6.692,0.3438,25.34,1.639,43.67,1.117,34.21,16.62,3.32,4.576,0.568,16.56,5.606,0.7619,9.999,2.348,12.81,8.3,4.959,0.4886,5.841,62.66,29.64,4.126,15.15,6.494,11.18,6.554,4.781,29.11,20.09,2.628,1.348,5.854,5.361,1.263,5.312,6.757,32.23,2.597,24.35,11.3,1.319,29.3,5.807,29.41,20.76,5.293,12.29,7.785,13.25,12.25,1.44,10.25,8.133,54.35,1.391,11.26,1.506,99.47,0.991,19.83,36.75,1.344,31.59,1.677,8.494,3.732,17.96,2.851,3.172,1.064,11.75,2.531,70.15,3.622,3.012,2.537,4.604,0.9385,16.64,2.763,15.24,10.89,2.989,48.23,2.459,41.45,15.58,23.28,7.519,6.175,2.445,2.074,22.58,7.178,1.635,1.367,2.441,2.598,3.193,2.644,0.9021,5.886,25.81,34.92,24.01,8.768
ENSG00000186827,1.025,2.49,13.96,37.13,1.817,9.065,28.7,11.11,0.5344,14.9,1.79,2.693,42.25,55.61,35,16.73,3.043,4.975,13.29,2.64,10.28,26.3,25.01,15.39,18.49,1.259,52.24,18.77,0.693,16.89,17.37,5.778,10.62,36.12,12.46,12.15,7.981,16.11,13.45,0.9165,1.676,1.901,4.228,1.153,2.446,0.5844,29.55,10.48,3.163,6.117,4.146,18.82,21.59,0.1163,0.6551,4.008,1.221,0.7359,25.07,4.589,0.7132,1.383,37.83,25.21,25.09,16.34,0.9582,0.9397,9.356,3.616,17.9,55.93,6.994,3.314,11.14,11.4,11.67,3.222,24.33,1.771,3.865,1.998,3.793,15.73,9.405,7.542,6.879,7.921,24.94,13.91,19.69,1.979,1.835,25.54,1.806,1.535,37.66,0.9159,6.874,9.751,36.67,1.22,61.32,22.24,3.515,8.202,6.106,8.226,0.8135,3.636,2.735,16.88,1.029,4.077,19.03,1.099,1.027,5.901,17.52,0.5057,0.9465,3.836,9.39,4.971,3.944,1.362,2.068,0.672,1.296,0.4299,8.491,7.186,1.378,1.019,7.803,6.267,2.475,24.71,7.469,5.154,28.72,5.668,3.829,32.6,50.17,7.464,11.92,4.806,5.007,2.689,6.318,35.79,12.44,12.04,1.522,1.559,1.834,38.97,2.046,25.05,16.38,16.23,13.89,0.7418,2.009,11.9,2.682,4.365,12.87,1.69,1.133,14.8,10.77,13.78,11.44,17.12,10.87,17.74,5.049,7.584,44.33,10.8,58.5,21.97,9.326,0.6471,16.9,0.7037,12.75,8.45,2.126,12.12,6.549,2.194,9.755,14.11,0.5605,29.82,0.3804,2.821,8.949,2.274,2.356,8.207,4.308,1.951,7.158,2.045,22.49,1.685,3.486,16.72,2.774,25.25,3.38,8.059,34.64,3.014,1.206,42.5,2.529,6.597,1.814,6.898,0.4183,13.79,7.342,7.057,1.756,2.753,5.997,15.49,20.23,7.527,1.7,9.294,4.796,18.75,2.628,2.692,30.01,4.388,19.27,11.62,2.896,8.021,4.329,18.34,0.9754,7.295,6.818,1.145,5.843,16.46,2.081,1.207,1.25,3.123,3.182,1.282,8.392,1.256,12.96,5.353,3.244,7.036,1.266,4.111,1.171,0.6072,0.8255,0.4048,4.01,10.73,23.19,0.2402,2.526,6.556,2.288,15.17,4.104,4.919,19.18,1.175,17.03,3.8,15.17,11.43,0.4572,19.5,6.694,8.219,0.8725,4.449,7.747,9.419,18.12,0.6722,3.535,0.2861,5.959,0.5994,17.44,24.33,7.795,2.148,13.78,1.52,6.105,3.217,7.096,0.1206,21.91,1.677,42.14,1.306,39.33,18.18,5.066,1.07,0.3906,10.16,4.908,0.7249,4.422,6.519,6.81,6.598,4.607,1.713,4.445,49.91,15.05,1.954,14.44,9.688,16.44,6.679,8.72,27.67,24.34,3.679,1.207,3.39,3.871,0.9543,7.802,3.765,33.07,4.055,22.74,17.66,2.127,9.975,4.427,19.13,24.05,7.105,6.648,9.377,11.32,4.491,4.075,13.49,7.309,41.25,1.897,9.43,2.731,30.78,0.4827,12.97,23.04,1.219,42.08,0.998,10.42,6.015,20.96,3.076,5.669,2.141,7.456,2.165,40.05,6.722,2.211,3.196,2.82,2.633,10.67,1.763,12.64,9.086,2.264,56.69,2.064,26.55,9.894,22.61,12.59,4.018,2.785,3.219,30.84,4.342,1.082,1.217,2.536,5.645,2.274,1.97,1.055,4.056,18.57,28.65,21.69,5.568
ENSG00000078808,84.64,91.63,81.28,80.88,61.34,76.18,96.29,37.81,33.1,42.52,78.64,69.39,92.6,183,55.59,49.05,84.15,64.32,30.96,68.87,113.5,45.06,103,90.64,77.21,56.66,118.4,66.41,77.7,41.03,47.21,94.81,40.9,79.36,97.19,44.62,57.94,86.83,37.7,80.54,38.96,75,97.23,13.56,121.1,30.89,57.04,42.33,61.48,28.04,43.95,124.1,93.54,66.06,39.51,79.51,64.42,69.14,86.15,32.87,26.26,53.15,72.5,46.03,87.89,89.15,122.2,40.67,44.24,21.51,52.88,123.5,29.64,89.78,60.86,70.97,92.08,82.31,51.21,92.25,29.52,66.59,18.47,59.51,71.06,42.02,39.09,108.6,97.31,67.38,127.1,24,66.42,140.2,23.81,15.38,122.4,65.33,93.8,65.38,119.6,94.51,112.3,71.56,53.44,22.29,19.66,47.88,46.29,96.26,67.3,90.8,20.46,60.94,50.96,77.63,68.46,113.3,118.8,45.7,71.74,73.85,70.58,35.3,79.69,30.01,16.43,55.96,75.86,13.83,52.53,37.52,11.2,63.56,53.91,73.84,22.53,67.78,87.97,118.4,62.94,79.04,96.27,111.3,82.44,71.44,156,94.1,43.23,95.8,25.19,83.75,103.6,106.1,80.12,73.07,44.44,168.1,25.74,86.8,43.79,86.6,40.34,40.29,57.08,68.42,26.35,87.06,43.91,72.24,25.33,34.19,56.82,38.78,85,72.01,54.4,56.06,66.95,32.29,89.23,38.41,102.4,61.64,47.18,19.3,98.5,20.73,33.65,45.15,62.07,42.78,61.47,88.24,44.57,43.09,38.72,43.28,33.03,54.97,54.5,61.8,15.62,85.24,10.84,22.62,27.82,26.22,85.97,72.19,33.9,191.6,50.7,118.2,11.79,31.74,56.34,112.2,74.37,88.99,46.7,33.44,49.47,36.49,35.26,47.43,30.42,28.41,43.16,66.06,121.4,42.14,30.17,86.87,107.6,46.55,16.67,46.46,28.68,15.42,67.19,45.19,68.91,35.1,114.7,67.87,55.15,115.1,4.779,31.05,31.64,53.74,50.81,88.05,46.34,11.19,54.73,105,79.19,60.77,110.8,41.25,109.9,89.53,85.54,100,23.24,19.12,52.19,38.47,80.84,25.54,48.12,93.24,80.5,41.8,43.05,47.46,99.26,60.81,30.3,107.6,69.34,66.81,79.89,95.95,92.09,144.2,78.01,80.26,65.84,39.18,8.062,114.5,39.98,122.2,50.14,27.83,69.05,33.29,63.27,86.07,139,89.64,44.22,115.5,72.34,48.1,31.73,64.66,54.2,13.47,112,41.62,129.2,94.46,97.68,65.39,26.11,101.2,60.92,42.65,45.17,41.42,79.13,76.28,75.49,47.04,51.87,46.09,40.91,135.1,156.1,114.9,92.6,52.91,86.53,39.84,59.31,83.99,72.38,60.98,54.57,63.67,50.27,47.91,52.59,84.89,99.04,77.32,113,52.82,65.02,56.5,72.95,117.8,66.46,87.83,36.97,84.34,105,26.86,156,87.05,70.12,171.4,54.38,45.09,71.82,121.6,79.63,100.2,81.58,44.34,83.7,14.36,60.69,51.85,90.23,51.57,67.56,63.24,57.07,60.01,139.9,72.42,66.93,63.89,68.02,70.57,57.75,88.41,71.17,46.14,16.01,128,90.27,113.3,125.6,59.72,95.5,49.17,81.5,44.36,88.14,86.75,51.31,58.62,72.55,70.22,64.75,76.85,56.56,46.25,71.61,56.87,67.75,99.82
ENSG00000176022,8.869,9.047,1.277,1.955,7.831,6.372,3.247,1.159,3.515,1.047,10.81,5.021,3.728,6.506,1.142,1.361,7.081,7.128,1.2,10.06,7.416,2.505,2.011,4.994,3.744,5.656,5.133,2.513,5.627,1.803,1.902,8.593,0.902,3.457,4.069,2.24,3.216,2.801,1.102,9.284,3.2,7.018,9.901,0.655,12.82,2.687,2.36,5.072,8.779,1.491,2.37,8.435,3.691,5.889,2.304,10.41,6.327,8.161,4.086,1.34,2.338,4.831,2.082,2.063,4.956,5.042,13.56,2.983,1.368,0.9512,1.837,5.784,1.116,4.746,2.28,9.263,6.867,7.686,1.956,9.931,1.673,7.357,0.6306,3.32,2.218,4.385,1.813,4.665,6.238,1.547,14.07,1.096,6.436,4.676,1.114,0.4091,5.391,6.31,10.68,2.142,6.422,7.492,4.354,3.431,5.897,0.4714,0.7046,1.465,3.813,10,7.835,3.477,1.019,6.957,1.601,5.817,7.291,13.64,7.901,4.375,5.377,11.87,9.778,2.075,6.48,2.465,0.7652,8.498,5.101,0.5336,5.703,1.476,0.3555,6.63,5.566,9.801,0.4929,2.562,9.051,10.09,1.16,5.308,11.15,5.313,4.042,5.902,13.82,11.09,2.113,7.885,0.8735,2.53,9.692,4.266,7.045,6.391,3.744,8.605,3.493,3.629,2.159,13.53,1.091,5.765,3.663,2.752,4.664,8.358,1.072,11.2,1.691,0.3831,2.236,1.624,2.636,3.76,1.546,3.579,6.705,0.5111,3.109,2.416,2.77,3.117,6.09,1.855,15.32,0.5383,1.124,1.591,7.027,0.868,2.26,10.23,2.75,1.638,4.79,2.03,5.255,5.939,2.461,9.505,0.815,2.641,0.9698,2.785,0.8568,1.726,1.172,6.246,2.106,19.41,4.371,5.328,0.3004,1.178,1.585,9.018,6.742,3.488,1.921,1.91,4.61,1.88,4.59,1.222,0.9814,0.8681,5.202,8.978,16.16,1.539,1.001,9.74,11.24,2.326,0.7053,1.774,3.068,1.61,3.322,4.418,2.662,1.91,10.52,14.8,8.116,17.8,0.1857,0.5552,1.624,5.848,1.954,3.834,5.195,0.7134,4.108,7.963,7.074,6.378,11.48,4.481,10.11,14.41,9.201,6.59,0.4836,0.4876,3.121,2.776,3.923,1.452,2.74,4.108,10.06,2.433,6.486,3.196,5.633,2.311,4.27,13.83,3.062,5.143,7.572,8.426,5.362,12.7,5.13,6.813,4.017,3.455,0.7525,13.25,2.416,7.05,3.386,2.837,4.278,3.486,2.805,7.444,6.395,1.773,1.97,16.35,3.996,2.426,1.036,5.073,4.009,0.5767,4.719,4.032,8.617,11.55,5.477,3.642,1.297,8.45,4.978,2.221,1.761,3.453,6.897,6.016,5.352,1.62,5.498,5.475,1.359,5.939,20.79,7.406,4.093,3.603,12.73,1.682,8.785,7.163,18.49,6.852,6.142,6.332,5.65,4.833,5.864,8.667,4.087,4.786,4.254,1.691,8.194,1.514,5.566,10.65,3.787,9.353,2.073,7.097,5.437,1.527,11.43,3.392,2.675,10.25,3.617,2.81,7.296,9.393,9.717,5.572,4.996,4.756,2.968,1.023,7.451,5.809,4.717,3.651,6.726,7.29,2.309,7.426,10.49,4.503,5.111,8.017,9.529,5.49,3.093,8.446,2.68,1.825,0.5426,4.114,11.23,5.646,16.89,2.274,14.97,1.667,6.368,5.434,3.583,7.028,6.362,7.127,5.632,7.993,7.358,5.73,6.117,2.73,5.82,2.157,2.996,3.532
ENSG00000160087,21.31,29.07,14.25,8.187,17.6,19.38,16.19,6.989,11.18,5.835,23.5,24.95,8.037,21.91,8.71,5.141,25.3,21.21,3.981,24.41,17.54,7.747,15.66,17.68,8.572,14.84,15.71,10.64,22.94,6.374,6.681,16.14,4.445,11.64,15.95,7.539,10.1,16.69,4.531,27.1,13.6,26.21,30.47,3.58,33.41,9.299,6.293,16.86,18.08,4.039,8.438,13.46,12.45,22.41,13.59,28.06,23.86,21.37,8.704,6.219,7.318,17.01,8.499,5.732,10.1,17,30.46,13.43,7.245,3.927,5.796,13.97,3.971,25.88,9.7,26.14,14.86,29.88,6.99,28.78,5.97,21.06,2.845,9.039,10.69,7.33,8.685,21.65,14.08,6.293,37.16,3.508,24.07,21.25,3.962,3.044,16.4,18.62,35.44,12.01,13.82,26.68,11.64,8.34,15.99,2.975,3.719,9.987,14.92,23.76,23.58,14.84,3.634,18.99,10.98,26.9,24.8,41.14,22.31,16.13,24.98,21.85,23.3,8.982,22.53,15.58,3.359,22.55,22.02,3.216,17.03,6.806,1.39,21.3,11.6,16.43,5.79,10.79,28.52,35.13,7.174,15.36,31.74,16.26,12.8,12.35,31.16,30.39,10.12,29.2,4.534,12.05,39.78,15.05,24.8,22.98,14.59,26.33,6.72,8.74,6.405,30.24,4.95,12.72,10.3,8.178,9.779,37.92,4.399,26.03,4.117,5.352,9.415,4.714,8.762,8.801,10.99,10.62,25.39,4.555,12.12,5.192,12.32,7.456,18.13,6.518,26.67,4.202,3.693,7.635,24.12,6.126,9.949,30.05,8.099,7.456,14.91,7.353,10.13,19.53,10.67,19.24,2.204,13.29,1.442,5.794,3.665,4.537,18.17,24.46,8.033,24.11,17.37,16.03,1.55,6.017,7.15,28.75,27.45,11.16,9.067,5.612,14.58,6.74,11.52,7.663,5.609,2.967,13.79,20.54,33.02,5.705,4.964,26.52,31.67,9.261,4.333,8.377,10.43,2.56,10.06,14.13,8.827,3.679,36.05,31.92,23.22,30.71,1.055,4.758,5.069,19.79,5.977,15.79,8.654,3.48,23.6,25.32,23.83,19.82,36.52,15.78,23.83,26.22,29.34,27.14,6.4,4.712,14.92,15.71,22.03,9.69,8.8,17.84,29.21,15.67,15.38,8.151,21.51,7.118,10.2,26.75,9.999,21,23.52,35.14,13.96,19,23.95,10.67,11.96,17.39,1.421,34.39,9.683,27.21,5.745,13.98,13.15,12.89,11.06,27.87,19.58,11.42,7.391,38.44,10.68,14.03,5.954,15.67,11.73,3.373,18.92,17.85,22.22,31.55,11.23,9.989,7.528,35.97,24.72,7.029,5.752,16.27,14.35,21.85,11.59,8.352,16.4,17.46,7.108,21.36,36.3,33.68,14.19,8.781,33.4,7.106,18.13,19.04,25.47,21.9,19.98,22.64,19.18,15.46,22.58,29.68,12.28,21.13,19.03,11.67,22.94,9.211,11.23,25.38,9.373,25.62,6.885,23.53,14.56,4.387,41.91,17.59,10.04,25.43,17.88,6.963,23.17,26.42,23.87,12.87,10.64,13.81,11.97,3.002,20.58,15.69,12.66,20,21.78,30.38,8.008,22.65,20.98,23.56,24.45,27.08,34.6,25.23,8.965,25.73,12.47,8.903,2.646,17.04,29.38,13,22.72,7.981,32.67,12.72,20.59,14.64,15.32,28.28,19.71,22.84,22.4,20.47,20.41,21.84,15.79,6.829,8.566,7.452,8.784,14.1
ENSG00000230415,0.2196,0.3048,0.8897,2.016,0,0.8482,2.82,0.1326,0.1436,1.165,0.4851,0.7533,3.376,3.479,0.2598,0.222,0.6152,0.9606,0.803,0.7701,0.8877,0.5585,2.43,4.358,1.216,0.4794,3.969,1.084,0.3016,1.276,1.265,0.6286,0.7899,3.35,2.534,1.791,1.583,0.8582,0.3021,0,0.4254,0.3949,0.8548,0.1013,1.103,0.07027,1.065,0.2298,0.1642,0.3328,0.7749,3.2,1.887,0.1771,0,0.3488,0.1924,0.1868,0.5431,0.699,0,0.4338,1.211,0.7932,1.926,1.737,0.3456,0.2927,0.7451,0.1698,1.27,3.597,0.3247,0.5178,1.511,0.4665,0.6521,0.8544,1.346,0.1798,0.609,0.7503,0.3282,0.5446,3.741,0.1758,0.2214,0.9201,2.271,3.941,1.833,0.9984,0.6099,0.5864,0.8253,0.3691,3.953,0.6154,0.7881,0.1008,3.698,0.5418,2.279,2.251,0.803,0.3646,0.4904,1.417,0.4891,0.3638,0.7171,1.804,0.3837,0.08871,0.4228,0.2881,0.483,1.167,4.173,0,0.1109,0.4351,0.1084,0.1852,0.5331,0.2456,0.1167,0.1137,0.4777,0,0.4172,0.6145,0.1749,0.2409,0.1996,0.9267,0.1271,1.226,0.65,0.6853,0.7939,1.6,0.717,1.721,1.027,1.167,2.297,1.107,0.4943,0.6554,0.08296,1.017,0.6718,1.68,0,0.1454,0.1524,2.31,0.06875,1.474,0.4288,0.7593,0.4808,0.07061,0.5665,1.978,0.5106,0.2493,0.06668,0.2825,0.2526,0.5531,1.177,0.7951,0.2398,1.807,0.6658,1.195,0,0.9979,1.525,1.075,3.353,1.224,0,0.1019,1.339,0,0.8072,0.891,0.3737,0.7831,1.032,0.3518,0.5549,1.293,0.1067,1.256,0.2897,0.3704,0.7657,0.7737,0.4853,2.031,0.09374,0.3005,0.4781,0.457,1.396,0.3905,0.573,2.119,0.6338,2.729,0.3049,0.6185,1.271,0.6752,0.2851,1.027,0.4521,0.6892,0.4902,0.5377,0,0.6248,0.251,0.2292,0.2456,0.1398,0.5116,1.119,0.08337,0.8287,0.5622,1.053,0.2213,0.2613,0.2129,0,0.5719,0.5371,0.9688,1.751,0.2876,0.3551,0.471,0.8562,0.08739,0.4918,0.4154,0.05338,1.129,0.3402,0.08057,0.2758,0.3038,0.5202,1.039,0.558,0.5478,0.3703,0.8367,1.149,1.336,0.5358,0.3444,0.1228,1.267,0.3854,0.164,0.1321,0.1246,1.226,0.7096,0.1829,0.3518,0.6329,1.234,0.5714,0.501,1.848,0.614,0.04792,0.4803,0.2135,1.616,2.772,0.4352,1.785,0.5162,0.3832,0,0.2839,1.539,2.301,0.6321,0,0.4751,0.1634,0.8726,0.1956,6.271,1.333,2.314,0.9814,2.08,0.151,0.3032,0.4835,0.7659,0,3.63,0.608,4.576,0.6735,2.01,0.5502,0.1847,0.6984,0.9815,0.9931,1.276,0.09463,0.4726,1.069,0.5913,0.6896,0.3485,0.6524,0.5151,2.123,0.9268,0.665,1.427,0.7008,0.6716,0.06411,0.5551,0.1992,0.3738,0.1733,0.8426,1.004,0.3685,0.5191,0.7383,0.6616,3.04,1.276,4.142,0.5906,0.6241,0.3825,0.9854,1.826,1.224,0.3762,0.5063,1.475,2.017,0.1494,0.6155,1.08,1.255,3.676,0,0.2638,0.4926,1.157,1.323,1.38,1.785,0,0.9657,0.4072,0.7107,0.3095,1.186,0.2928,0.21,0.2644,0.7439,0.1393,1.766,0.5228,0.0981,0.1168,0.06805,0.5013,0.6137,0.3169,1.786,0.3885,0.1916,2.813,0.3929,2.193,0.5983,0.4674,0.9296,0.389,0.05533,0.1816,0.5541,0.2984,0.1648,0.08689,0.06585,0.4582,0.333,0.2077,0.2563,0.176,1.321,0.6355,1.136,2.025
ENSG00000162572,0.8302,0.8806,2.556,4.335,0.3053,1.495,5.322,1.087,0.6498,1.329,0.9098,0.824,4.157,7.421,2.49,1.386,1.027,0.5917,1.451,0.638,1.923,0.7525,5.165,13.7,2.283,0.4811,7.362,2.01,0.3459,1.579,1.818,1.295,1.318,5.499,4.91,4.047,2.195,2.078,1.588,0.6354,0.5655,0.5939,0.7081,0.3099,1.087,0.2597,3.144,0.5369,1.075,0.88,2.392,6.953,5.192,0.4063,0.2196,0.5223,0.6499,0.4047,3.631,0.568,0.1454,0.9004,2.599,2.784,4.385,3.036,0.6314,0.3109,0.9734,0.5193,2.272,5.06,1.283,1.32,2.087,0.6738,1.829,1.156,3.698,0.5729,1.116,0.5339,0.9371,2.053,4.269,0.8068,1.401,2.45,3.952,7.629,2.325,1.213,0.7579,3.625,0.6554,0.6491,8.619,0.4157,0.6529,2.236,5.88,0.8287,4.506,3.054,1.075,0.539,1.09,1.3,0.1745,0.8115,1.528,2.579,0.8559,0.5201,1.769,0.3567,0.9323,1.388,9.73,0.27,0.3463,0.8872,0.8493,0.8496,0.6387,0.3965,0.4907,0.4421,0.6941,0.2945,0.9837,1.645,0.2452,1.105,0.8223,2.031,0.6316,2.779,1.046,1,2.438,1.159,1.718,6.569,2.779,1.338,3.676,1.779,1.071,2.266,1.322,3.553,1.336,4.161,0.391,0.4632,0.3593,6.759,0.482,3.881,1.899,2.322,2.057,0.504,1.162,2.978,0.9618,1.001,2.031,1.212,0.5633,1.066,2.114,1.639,1.047,2.307,2.74,2.839,0.7984,1.659,4.374,2.386,5.602,3.254,0.6555,0.1624,2.687,0.794,2.057,0.9558,0.7049,1.86,2.067,0.7734,1.473,1.754,0.2176,2.711,0.7163,0.9064,1.2,1.162,0.849,5.735,0.233,0.5107,0.9811,0.4012,7.115,0.7822,0.6572,4.408,0.4757,7.193,0.8742,1.091,3.321,0.9724,0.7571,3.206,0.9476,1.716,0.8349,1.265,0.1462,2.528,2.085,1.062,0.313,0.6117,1.224,2.9,0.9403,1.399,0.8469,2.097,0.4584,1.682,0.445,0.3531,2.908,1.246,2.678,1.729,1.589,2.154,1.115,2.153,0.1559,1.149,0.6618,0.4967,2.264,2.287,1.202,0.457,0.697,2.311,0.7363,0.9068,1.808,0.4484,5.129,1.423,1.254,1.337,0.7375,0.399,0.9689,0.2554,0.324,0.3368,0.6354,3.537,1.996,0.3147,0.574,1.425,2.341,4.321,1.386,2.111,3.14,0.3664,1.337,0.8707,3.839,2.382,0.1997,4.423,1.554,1.358,0.2872,0.9409,1.676,4.174,1.47,0.2586,1.771,0.2811,2.903,1.072,14.44,5.336,2.347,1.601,1.944,0.3463,2.473,2.144,1.855,0.1053,5.486,0.7361,10.42,0.9565,6.431,5.435,1.554,0.6231,0.2843,2.245,2.173,0.4463,1.724,2.625,1.356,1.13,1.031,0.9265,0.8346,3.286,2.032,0.9807,4.364,1.124,1.477,1.667,1.431,1.049,3.311,1.116,0.7908,1.846,1.711,0.8601,1.351,1.878,5.202,2.461,6.546,1.679,0.858,1.302,1.725,3.118,3.619,1.5,1.258,2.095,4.744,0.984,1.373,2.688,2.288,6.971,0.6411,1.177,1.088,2.803,0.7449,2.814,4.348,0.6231,6.221,0.2906,0.7775,0.994,4.719,0.3545,0.9994,2.022,1.033,0.7282,5.134,1.066,0.6314,0.5285,1.764,0.9583,3.28,0.4212,2.75,1.372,0.6836,6.185,0.744,7.901,1.712,4.895,2.141,0.8427,0.4584,0.567,3.155,0.5609,0.7245,0.4762,0.8225,1.285,0.8744,0.3971,0.4769,0.5457,3.333,2.4,4.328,3.088
ENSG00000131584,15.85,18.48,32.13,25.17,8.751,22.13,35.71,12.56,9.315,12.35,18.7,12.54,24,54.58,19.91,12.48,23.74,16.39,15.57,8.541,21.98,7.271,39.8,52.55,28.72,12.52,50.8,15.59,9.347,10.25,11.91,19.69,9.736,28.35,40.65,22.2,13.7,21.96,12.6,15.19,8.878,16.75,13.82,5.609,26.83,6.028,16.49,12.8,19.87,7.114,14.5,44.66,32.1,8.755,4.739,14.47,11.63,11.52,24.23,7.571,2.923,13.99,22.8,18.75,23.76,39.56,22.07,7.133,9.628,4.218,13.65,24.78,9.041,17.7,21.32,22.8,16.85,26.33,21.7,15.67,12.43,12.22,8.212,21.27,29.01,9.725,13.6,25.73,33.88,29.95,36.84,9.671,12.77,30.54,6.317,4.156,51.38,13.09,29.42,12.03,36.97,13.08,26.87,15.82,10.19,6.117,10.12,18.49,10.58,18.96,15.73,21.54,4.24,12.3,19.74,6.752,19.24,35.92,60.56,7.196,7.255,26.16,22.5,9.894,19.98,4.896,3.824,15.06,13.46,2.87,15.8,10.73,2.402,26.64,13.52,21.88,7.876,20.84,23.59,27.32,16.08,14.1,34.82,32.22,17.77,14.69,46.99,30.75,11.45,21.57,10.32,24.64,23.04,38.78,11.76,13.73,8.333,62.47,9.399,22.31,17.64,32.51,11.11,7.793,8.572,18.71,13.01,26.49,12.53,25.15,4.698,9.563,19.42,12.37,12.83,14.94,34.06,19.99,21.1,9.531,29.13,16.86,33.93,19.64,12.06,3.965,33.07,6.498,12.02,13.39,11.42,15.77,15.51,21.82,9.756,14.4,10.59,15.63,7.125,13.61,14.32,20.13,5.106,30.09,2.177,7.435,9.641,5.648,63.3,9.264,8.562,42.44,12.82,39.53,6.191,12.04,23.29,25.69,14.28,26.01,11.02,12.33,11.81,14.33,9.503,19.23,14.3,7.408,16.96,16.51,24.05,15.63,12.06,32.52,27.96,24.04,12.45,17.78,8.803,2.016,22.2,24.68,22.16,10.56,26.06,32.43,23.8,36.07,1.467,13.33,7.433,13.76,17.66,23.44,11.47,3.771,5.856,33.79,15.58,16.48,31.55,8.796,21.12,16.4,19.03,26.37,7.259,8.192,16.33,9.468,10.22,6.243,9.336,29.41,25.76,7.845,9.655,13.25,21.65,26.3,12.19,31.41,28.54,11.41,15.97,17.67,26.87,27.66,13.49,18.23,7.718,8,1.969,25.86,16.72,25.5,10.46,5.957,16.55,5.793,13.91,17.1,67.3,38.17,16.77,27.52,14.52,6.954,13.21,17.47,17.61,1.456,34.16,16.3,56.26,20.49,35.59,32.92,11.34,18.4,9.982,18.6,14.22,8.058,17.21,23.07,17.03,18.63,17.92,13.17,9.646,20.83,35.64,21.51,29.79,13.45,31.87,13.78,25.49,19.95,29.1,14.13,9.028,16.76,23.84,21.43,11.24,24.48,37.95,26.14,42.61,19.53,19.91,17.4,15.2,25.73,20.17,27.88,15.17,28.11,28.48,7.829,38.04,36.99,14.51,71.52,18.04,14.89,13.92,26.16,26.26,25.85,27.84,14.49,47.28,4.687,16.43,13.38,35.3,7.883,16.21,20.01,14.04,16.05,36.35,11.5,14.31,17.11,17.65,14.05,19.15,12.53,22.11,16.62,5.158,48.11,19.32,33.65,17.8,28.2,34.37,12.01,11.72,9.011,29.9,19.25,14.67,15.51,11.86,21.03,22.29,11.91,11.3,9.022,22.54,13.08,26.74,32.79
ENSG00000169972,10.52,9.307,5.097,8.596,5.819,11.46,9.439,3.169,4.691,6.052,9.882,5.7,9.383,18.98,6.683,4.721,12.94,9.023,4.013,5.368,11.67,4.417,10.03,9.855,7.103,9.069,10.52,5.885,7.477,4.306,3.344,10.39,2.917,10.25,10.35,4.747,8.598,4.633,4.091,11.08,4.43,9.437,8.239,1.634,13.26,4.926,5.619,8.007,10.86,2.154,4.527,12.4,6.456,3.985,2.529,8.683,9.081,9.04,7.197,3.898,2.315,7.849,6.083,3.961,12.04,7.955,16.84,5.286,4.823,3.11,5.752,8.988,3.389,9.744,6.588,11.36,10,14.74,5.662,7.77,3.699,7.52,2.222,7.313,7.83,5.672,4.085,9.976,12.9,3.532,10.92,2.877,7.864,16.78,2.377,2.014,12.29,6.349,14.75,9.355,11.01,7.399,8.794,7.59,4.398,1.481,2.843,4.213,5.766,8.718,12.53,11.03,2.388,7.296,7.101,4.705,9.097,12.91,10.35,6.161,6.095,13.99,12.32,5.629,9.173,2.804,1.673,12.25,9.133,2.324,9.111,3.112,0.8709,9.913,7.921,9.818,2.986,7.092,12.27,17.74,5.519,9.068,16.48,10.38,9.974,6.077,21.04,14.27,5.203,11.22,4.262,9.633,10.19,11,7.738,5.993,4.431,25.68,4.108,7.532,5.124,17.31,3.748,5.653,5.302,5.957,7.254,19.88,3.293,16.58,2.49,3.8,8.413,4.117,7.998,6.957,6.289,6.968,13.47,2.439,10.67,3.711,8.383,6.512,8.047,2.294,13.54,0.9605,3.462,4.82,8.454,4.934,5.783,10.68,4.752,5.703,5.78,7.065,4.223,7.494,4.544,12.33,1.687,10.64,1.475,3.611,3.542,4.206,10.21,7.289,4.336,17.48,4.796,11.34,1.761,4.642,7.342,24.93,10.01,9.678,4.622,6.405,6.656,6.227,4.492,4.935,3.432,2.465,9.716,9.038,17.3,5.249,3.603,15.12,15.76,6.727,3.747,5.281,6.122,2.288,9.592,11.38,6.801,4.685,16.61,17.65,11.55,18.05,0.7135,4.005,3.116,7.845,4.008,10.64,6.964,1.181,3.582,12.7,6.127,8.39,12.34,4.72,18.43,10.79,8.855,11.31,0.7682,2.543,4.43,3.622,4.409,2.236,4.393,11.93,13.85,4.608,6.698,4.285,12.61,5.437,6.299,15.02,6.297,3.97,9.534,8.134,10.92,19.69,5.339,5.028,4.498,3.755,1.036,12.21,5.266,11.05,3.651,2.993,12.63,3.547,7.438,4.83,9.678,8.496,3.727,15.48,4.804,2.345,3.744,9.282,7.881,0.8045,9.709,8.015,16.16,15.79,7.566,7.816,2.795,6.919,5.615,5.579,4.733,5.032,11.58,9.111,8.404,5.925,12.1,6.533,4.63,15.61,18.16,11.5,11.23,5.443,17.9,1.966,12.28,10.26,18.72,7.248,8.513,6.855,10.02,7.361,6.994,12.31,11.23,8.264,9.47,5.928,13.12,8.837,7.788,19.72,8.165,10.3,4.033,12.92,10.59,3.313,20.32,10.1,6.344,20.54,7.644,5.919,7.293,20.31,10.23,8.48,8.967,8.109,9.091,2.011,9.2,9.442,10.02,4.956,6.386,10.66,5.007,10.82,16.42,7.158,15.98,12.72,13.54,10.44,8.171,10.75,5.749,6.477,1.958,14.28,11.18,12.44,9.903,8.781,16.76,4.121,7.184,6.545,12.84,11.11,8.63,6.299,5.403,10.4,11.86,6.59,5.9,6.237,8.005,6.202,6.385,10.55
ENSG00000127054,19.64,19.36,35.88,37.34,11.57,23.21,51.7,16.82,10.87,17.02,19.46,19.09,33.55,81.43,26.24,15.49,29.11,21.65,16.16,17.21,34.84,13.64,48.26,60.64,26.86,13.94,55.88,23.5,12.06,14.9,18.27,30.4,13.94,35.89,46.33,24.8,23.54,28.08,12.84,20.38,11.89,18.83,20.38,6.5,32.7,7.917,18.96,17.69,26.87,11.13,17.08,44.19,33.48,10.28,9.68,17.3,17.05,14.55,28.53,13.06,4.287,19.32,30.15,22.11,33.02,42.86,27.19,8.491,15.26,8.854,18.9,34.57,11.17,24.23,24.85,23.99,22.91,28.36,22.63,18.86,12.58,16.92,8.738,21.92,32.41,12.36,16.54,32.54,33.16,33.03,42.35,11.4,15.29,48.18,9.014,7.24,56.02,15.62,28.38,29.86,45.03,20.97,42.82,23.37,14.17,8.309,12.27,17.78,12.47,25.72,19.66,32.34,6.629,14.9,25.41,15.66,20.16,30.31,53.86,8.98,14.43,25.36,23.41,12.38,18.92,8.889,5.001,17.16,19.03,4.473,18.5,16.92,2.531,29.04,19.46,23.84,10.21,27.22,24.84,30.65,24.85,23.26,34.4,42.68,28.62,18.04,60.06,31.76,16.67,27.69,12.8,36.01,26.26,39.87,12.15,15.78,11.72,77.45,8.878,25.83,19.29,35.31,15.21,11.44,13.26,21.56,13.62,29.43,16.21,26.77,7.592,13.29,26.96,14.43,20.55,24.46,35.35,26.36,28.69,18.52,46.59,18.87,46.68,27.45,13.77,4.685,37.43,9.335,14.6,17.48,14.07,18.07,22.32,24.77,13.53,19.2,14,20.81,8.816,14.67,20.93,20.69,6.414,40.4,3.307,7.522,10.6,9.418,66.24,15.39,12.19,62.05,13.1,58.18,5.815,13.5,28.05,26.01,20.44,30.25,15.81,13.86,14.96,15.43,10.29,27.42,17.71,9.859,14.88,22.75,25.36,19.52,14.37,30.78,29.67,22.38,9.464,22.09,9.925,4.066,26.07,21.58,25.33,13.44,25.98,34.78,27.55,34.04,1.77,14.83,9.554,16.62,23.25,31,14.76,6.069,17.42,31.5,19.72,18.21,36.3,10.55,39.32,25.79,28.99,24.66,10.8,9.28,17.76,12.44,15.4,10,14.45,36.51,31.93,12.68,11.26,16.44,33.7,25.49,10.8,27.58,27.46,21.44,22.98,25.85,31.85,35.44,22.21,25.95,21.57,14.44,1.92,23.54,22.33,40.39,16.64,9.413,23.76,9.342,22.4,21.92,67.78,43.29,22.13,36.72,25.14,15.14,19.17,22.94,22.04,2.629,48.76,15.36,68.67,24.61,43.03,34.68,15.3,26.11,15.54,20.14,19.19,10.82,22.77,31.41,23.11,19.03,18.33,15.71,16.93,47.33,50.13,28.88,37.73,20.19,30.77,18.28,22.66,31.64,39.36,21.57,14.9,22.25,20.39,16.61,18.39,24.28,42.4,30.34,60.49,25.69,25.92,19.81,16.54,37.76,21.39,29.35,17.24,26.01,37.38,11.23,38.8,33.73,23.62,73.24,14.55,14.81,19.12,34.4,22.51,30.75,29.23,12.23,43.28,4.981,17.23,17.96,37.06,16.67,18.68,23.12,16.47,15.16,42.24,15.96,18.23,18.56,21.92,23.27,21.38,17.87,28.64,17.87,5.524,51.58,22.31,41.45,22.38,31.02,33.93,18.17,12.33,12.05,41.74,22.61,16.6,15.73,16.78,27.91,22.18,14.88,18.06,14.9,27.79,20.42,32.29,33.32
ENSG00000240731,2.503,4.309,5.711,5.974,1.857,5.801,18.14,0.4837,0.9824,2.68,3.603,4.895,7.873,14.47,2.274,1.336,4.292,3.176,2.397,2.897,7.826,3.383,10.37,22.43,3.992,1.885,20.97,4.945,2.166,4.621,4.327,6.736,2.161,5.924,11.73,6.031,2.685,6.131,1.033,3.819,2.162,1.621,6.081,1.109,3.319,0.2884,4.127,1.414,1.947,1.138,2.356,8.755,4.576,2.423,0.3722,2.863,1.448,2.172,3.444,2.869,0.4458,2.119,5.733,5.426,13.17,10.01,3.467,0.4005,1.784,0.8515,3.039,9.84,2.132,3.984,5.283,2.233,4.572,3.417,3.601,2.705,2.083,3.678,0.898,3.512,5.355,0.4811,2.624,5.594,5.538,13.48,11.74,2.732,1.564,13.5,0.7816,0.8583,10.13,2.778,5.39,8.964,13.53,4.765,9.566,9.57,5.081,0.9974,1.416,2.713,4.684,1.659,3.364,6.736,1.05,2.306,3.374,2.027,2.266,7.98,17,1.141,1.365,3.401,2.742,0.08443,4.011,1.904,0.7183,1.789,3.79,1.027,2.663,3.723,0.359,2.526,1.547,2.472,0.7822,1.765,3.224,3.409,10.86,6.468,11.38,18.38,2.81,7.857,17.46,9.782,3.381,4.931,1.021,4.978,2.206,7.181,3.217,2.287,3.753,21.99,1.505,8.063,1.467,5.193,2.067,1.159,2.635,4.904,1.009,1.535,2.098,2.834,0.9501,3.026,1.303,1.472,2.46,6.852,4.945,4.32,3.265,3.475,7.303,4.105,10.7,1.794,3.141,0.4881,6.592,3.024,2.208,3.555,2.454,4.285,6.15,2.647,3.542,3.538,3.65,4.832,2.219,1.925,2.409,2.797,1.086,8.443,0.4488,0.9593,2.616,0.5557,21.52,3.74,1.411,9.537,2.216,11.71,0.7646,0.9111,2.956,4.803,1.625,2.029,2.68,1.949,1.341,1.867,0.9805,5.342,1.888,1.307,1.008,2.741,3.266,3.232,1.14,6.023,4.894,4.441,0.757,2.323,0.8155,0.1849,2.347,1.861,4.059,3.593,3.935,3.887,1.933,4.92,0.4184,1.196,0.663,2.483,5.057,5.12,1.433,0.3773,3.075,3.965,5.061,3.053,7.078,1.773,5.379,4.492,1.662,4.084,1.037,1.428,5.007,0.738,2.243,0.9941,2.813,5.03,4.646,3.128,1.925,3.174,2.98,2.258,2.545,7.383,4.095,0.9177,3.724,3.699,4.422,3.303,0.1191,9.675,3.09,1.887,0,3.107,1.435,9.997,3.459,2.401,7.474,1.229,5.73,10.44,25.74,7.113,7.983,6.444,3.793,0.6195,2.903,3.042,5.763,0.2512,5.676,1.497,17.58,1.711,9.212,4.265,2.948,3.941,1.953,1.931,1.469,0.5178,1.697,0.6824,6.37,1.078,2.098,4.335,4.53,7.572,3.93,3.639,7.003,2.796,4.766,3.947,3.291,1.635,10.36,4.505,2.934,5.297,2.304,1.562,1.659,4.032,8.009,5.161,17.57,2.262,3.049,2.019,4.541,4.567,4.939,3.603,2.539,3.651,7.024,1.227,8.63,4.78,8.187,7.771,1.694,1.925,3.145,2.402,3.168,4.405,4.038,2.37,2.162,0.557,2.188,2.286,7.86,0.8678,2.203,4.702,2.442,3.145,4.367,2.771,1.476,3.436,3.289,4.017,3.298,3.096,6.82,1.063,0.9609,14.27,2.38,8.998,2.728,1.172,4.748,3.086,2.044,1.615,4.548,1.224,2.254,3.804,1.441,2.418,3.189,2.368,3.927,1.845,5.518,2.282,1.986,7.98
ENSG00000224051,18.29,25.59,11.81,10.35,18.43,21.09,12.37,6.059,10.09,4.973,20.29,21.06,10.95,19.38,6.548,5.355,31.88,17.72,6.696,15.88,17.34,6.917,10.81,13.82,10.12,15.84,11.32,7.165,21.65,5.665,6.06,14.19,4.05,9.036,18.18,4.175,12.73,8.21,3.501,21.33,10.88,26.35,27.4,2.836,23.9,8.632,5.396,18.94,37.27,4.157,5.513,17.95,11.5,19.42,18.05,27.72,20.35,18.8,13.26,7.05,7.009,15.93,7.831,5.719,10.04,11.55,27.84,13.11,5.543,2.782,5.394,9.95,4.628,30.03,5.797,20.64,14.74,26.96,5.342,18.67,3.926,17.66,2.187,8.011,8.136,7.675,5.716,20.95,15.12,9.739,25.61,2.228,19.49,18.67,2.752,3.141,12.17,13.87,30.14,13.17,10.39,18.22,9.872,7.198,10.94,2.356,2.679,4.265,13.76,31.68,22.08,11.59,3.081,14.1,7.057,24.25,18.05,32.77,22.12,12.44,23.71,21.36,23.5,10.65,24.26,9.876,3.033,17.64,19.21,2.875,19.19,4.105,1.545,28.92,12.76,19.82,5.024,8.817,25.65,34.25,5.345,15.86,34.62,14.06,14.73,11.29,33.44,28.96,7.936,32.54,3.746,10.69,38.88,12.33,20.01,21.39,13.08,41.72,6.348,9.907,6.799,39.55,4.273,10.57,7.027,8.683,13.72,34.86,3.814,27.72,3.384,2.803,6.747,4.534,9.565,6.827,7.369,13.53,39.04,2.84,13.5,5.627,9.402,9.037,14.97,8.011,27.24,2.622,3.838,7.958,22.47,3.844,7.307,29.95,6.311,5.432,12.76,5.057,9.337,15.4,9.436,19.23,2.727,13.72,1.486,7.972,2.572,4.341,8.836,19.99,8.165,30.93,12.1,19.12,1.397,4.249,9.057,28.77,23.41,10.48,5.888,7.184,11.88,4.881,10.19,5.152,3.996,1.986,16.68,17.79,33.36,4.642,3.572,21.1,27.55,6.7,2.31,6.633,9.58,3.174,17.79,22.99,9.114,4.744,35.29,40.07,28.94,30.77,0.8068,4.025,5.225,20.26,5.688,10.05,6.501,2.948,25.39,36.92,18.9,13.71,32.46,10.33,27.47,29.04,33.43,29.51,2.267,2.747,8.9,14.09,17.81,13.7,6.479,15.06,42.58,14.36,15.14,5.208,17,6.639,14.94,24.1,6.824,22.41,21.26,38.39,15.57,20.39,24.3,12.83,10.44,15.15,2.261,35.54,5.588,19.01,4.726,8.333,15.45,10.51,8.214,14.33,15.29,12.44,5.836,26.39,9.099,17.85,3.073,17.66,11.22,3.262,14.55,18.94,18.64,32.33,15.69,9.552,4.955,33.6,19.81,10.05,6.279,13.53,12.17,25.92,10.94,8.107,16.59,15.08,4.785,14.59,30.38,25.22,10.61,6.587,33.41,7.438,26.21,22.84,33.25,20.24,20.45,17.04,24.34,16.62,23.57,33.86,8.959,29.29,10.11,9.566,26.79,4.903,7.266,29.19,11.46,30.65,6.367,24.54,15.42,3.499,49.64,14.66,9.047,27.27,18.75,7.218,25.86,19.18,23.13,12.89,10.13,13.13,16.7,2.288,15.8,18.06,12.98,26.33,23.66,32.23,7.569,17.02,26.53,20.21,24.54,26.69,32.91,26.4,7.249,22.33,5.854,9.268,2.499,13.88,20.99,12.59,16.63,8.193,36.78,9.352,18.61,14.07,21.21,40,18.25,15.08,22.53,33.77,21.4,20.44,12.79,6.722,10.11,7.701,8.5,10.49
ENSG00000107404,8.64,8.077,17.89,20.25,6.725,15.1,34.44,7.433,5.391,10.33,11.86,7.182,27.82,57.62,9.294,8.679,10.11,11.21,7.857,8.469,27.19,10.19,35.17,48.93,14.6,6.004,41.75,14.35,6.077,12.85,11.17,23.58,7.898,21.75,31.73,13.34,13.76,16.58,9.477,11.22,5.869,8.937,12.86,2.898,10.68,2.821,14.22,7.081,5.062,4.667,7.729,27.08,16.82,6.227,3.261,10.56,7.298,7.809,20.13,7.291,2.103,7.159,15.94,11.77,23.74,19.94,16.41,3.316,7.985,4.257,10.63,29.56,7.473,8.663,10.63,15.46,16.09,10.07,13.91,8.467,5.293,8.962,2.635,10.59,19.56,6.447,9.107,13.78,17.6,19.5,32.26,6.117,9.879,28.98,4.836,3.785,31.91,8.666,18.24,22.86,30.12,11.78,32.07,20.17,9.09,4.724,5.262,8.82,5.133,8.251,10.99,21.21,3.623,8.216,12.05,5.224,8.768,21.04,30.47,3.226,5.617,12.36,9.983,5.628,10.28,4.335,2.111,8.33,7.678,2.83,9.549,7.533,1.382,6.078,9.198,12.26,3.715,14.42,14.59,14.67,15.47,13.88,16.15,34.98,23.6,27.29,29.43,14.17,13.13,9.063,5.782,23.32,12.03,17.7,6.189,5.962,5.238,23.65,5.118,17.56,11.49,11.89,7.696,6.528,7.718,15.34,4.923,10.52,10.12,12.02,5.369,9.189,11.29,7.916,9.644,18.21,14.06,10.61,7.056,9.162,27.31,9.322,30.41,9.547,9.652,1.772,21.48,5.368,6.113,9.411,7.122,12.86,15.01,11.24,9.383,12.22,5.245,13.7,4.944,6.205,9.378,13.38,4.33,21.19,1.496,3.269,7.572,4.646,41.01,5.467,5.641,35.68,5.564,38.37,2.562,8.398,16.46,17.88,10.87,17.74,8.479,7.124,8.374,7.262,4.705,14.85,4.72,6.346,5.634,8.704,12.59,11.07,5.619,15.47,15.55,9.789,3.218,10.56,4.078,2.328,8.677,5.574,18.15,8.059,15.59,16.22,7.305,23.25,1.298,9.102,4.037,4.927,10.21,19.18,6.978,1.864,4.734,9.842,10.17,8.653,16.41,4.872,20.1,15.15,10.89,11.09,3.995,5.268,8.721,4.288,5.65,2.078,9.76,18.93,18,3.874,7.473,9.735,15.37,13.4,6.017,17.61,10.52,4.264,12.21,9.525,18.24,21,5.42,17.84,8.975,7.922,0.8081,15.27,7.562,31.5,7.767,3.251,12.8,3.499,13.54,11.65,43.32,19.28,11.29,21.47,15.62,2.577,8.194,8.13,11.72,1.088,20.43,4.958,45.66,10.96,27.05,20.55,6.324,10.68,5.909,9.425,9.305,5.107,13.67,8.165,13.75,8.47,9.881,7.91,10.16,32.53,21.44,10.01,23.9,12.76,15.16,7.042,9.582,16.42,25.46,9.943,6.005,9.157,7.653,6.908,7.592,12.13,26,8.61,40.25,13.39,12.1,10.78,12.6,26.44,17.42,10.06,9.841,12.3,36.62,5.88,18.98,19.15,14.74,44.98,5.687,8.978,10.26,16.94,7.512,16.8,22.47,6.279,15.75,3.501,12.3,11.19,22.2,3.833,9.239,12.94,10.69,10.63,30.46,7.354,5.806,8.557,10.13,8.024,12.44,8.141,14.33,7.202,2.947,44.35,12.1,25.54,15.64,14.5,15.99,10.79,6.646,7.06,17.08,7.038,6.771,9.585,4.215,7.656,10.9,6.74,7.809,5.256,19.45,11.76,15.23,21.32
ENSG00000162576,0.2918,0.979,1.035,1.73,0.3448,0.7632,1.366,0.3378,0.4891,1.011,0.875,0.4797,3.034,2.855,0.5437,1.01,0.8279,0.3856,4.075,0.3411,1.393,0.4771,1.647,4.503,2.155,0.7366,4.707,1.126,0.2505,1.397,0.6592,1.514,0.7515,4.289,1.856,3.525,1.115,0.8712,1.079,0.6957,0.2726,0.6823,0.4118,0.143,0.5862,0.1751,1.695,0.3181,0.4002,0.539,0.8439,3.501,1.938,0.353,0.2486,0.7822,0.2397,0.7293,2.313,0.7258,0.2707,0.9162,1.532,2.605,2.666,1.546,0.5742,0.1864,0.4874,0.3854,1.318,1.957,0.8308,0.4086,1.018,0.5424,3.237,1.245,1.74,0.5078,0.5564,0.5505,0.8615,1.719,1.243,0.8471,1.679,0.9681,2.149,3.069,0.7888,0.6732,0.4559,2.289,0.4957,0.1839,4.527,0.5214,0.7388,3.483,3.594,0.27,2.767,4.235,3.035,0.4724,0.9233,0.251,0.6663,0.4029,0.7489,1.239,0.2948,0.3758,0.9365,0.1573,0.5388,2.39,7.641,0.3519,0.2487,0.4543,0.549,0.2153,0.744,0.4353,0.2229,0.3117,0.3809,0.3359,0.7046,0.9917,0.2034,0.2668,0.6741,0.6004,0.6544,1.275,0.5265,0.3726,1.703,1.076,1.751,2.981,2.218,2.385,2.12,2.362,1.067,1.334,0.4548,1.156,0.625,3.035,0.6795,0.6279,0.8101,4.509,0.3655,3.509,0.8015,0.8247,0.5933,0.7976,0.5458,1.632,0.5655,1.046,1.019,0.3285,0.6713,0.9303,0.9029,0.4351,0.5676,1.401,0.8217,0.5529,0.2147,1.123,1.571,1.012,1.47,0.9876,0.3051,0.1016,1.301,0.3839,1.042,0.6538,0.4842,0.9344,0.9673,0.7305,0.4916,1.166,0.2836,2.308,0.4042,0.48,0.5088,0.6977,0.8208,1.609,0.2336,0.2746,0.7467,0.3543,3.288,0.5376,0.2856,1.919,0.7955,2.545,0.7344,0.5611,2.239,0.4823,0.5132,2.985,0.3422,0.6106,0.4368,0.8589,0.3572,0.5103,0.7088,0.5585,0.238,0.3948,1.171,1.439,0.6094,0.8604,1.622,0.9328,0.3034,1.031,0.1415,0.2694,0.4856,0.7495,0.9858,1.036,0.6052,0.8613,0.2347,1.138,0.06533,0.6808,0.4716,0.1596,1.33,3.349,0.6291,0.252,0.1514,1.222,0.5284,0.1622,1.284,0.3691,1.529,0.6,1.171,1.221,0.3548,0.2753,3.555,0.4865,0.2724,0.09877,1.004,6.938,0.4547,0.2203,0.6546,3.75,7.309,1.867,1.462,1.977,1.275,0.4378,0.8911,0.6147,2.244,2.273,0.5929,1.658,0.8255,1.222,0.2592,1.925,0.3486,3.395,0.6038,0.328,1.302,0.2714,0.9713,1.17,6.75,2.813,0.9193,1.304,1.566,0.3511,1.435,1.076,1.251,0.3966,2.197,0.6868,3.377,0.7832,4.525,2.163,0.9103,1.073,0.504,1.624,1.428,0.4087,8.067,0.9707,6.047,1.097,1.378,1.455,0.3789,1.688,2.479,0.4892,1.771,0.6985,1.116,0.6284,1.281,0.4302,2.127,0.4607,0.4327,0.9054,0.9707,0.802,0.7709,0.8793,3.666,0.9216,3.234,0.8143,0.7628,0.8352,8.228,1.386,2.064,0.6429,0.827,1.155,4.128,0.2731,1.61,0.6227,1.09,2.091,0.4114,0.5843,0.5592,1.498,0.8977,1.616,2.874,0.5243,2.304,0.5682,1.033,0.617,3.424,0.2756,0.6862,0.8566,0.692,0.6829,2.009,1.129,0.3097,0.718,0.6972,0.6543,1.034,0.6167,1.669,0.7469,0.7744,3.875,0.7926,2.848,7.632,1.76,1.277,0.4135,0.7905,0.4223,1.074,0.6196,0.3969,0.7217,0.8314,0.9244,0.9627,0.9546,0.545,0.7113,1.826,1.531,1.793,0.9422
